charging_station_id,charging_station_operator,charging_station_name,charging_station_location,latitude,longitude,city,state,battery_capacity,energy_consumed,charging_duration,charging_rate,state_of_charge_start,state_of_charge_end,time_of_day,day_of_week,payment_type,user_type,Charger Type
Station_391,ATUM,ATUM Charge - Mulund,"Mulund West, Mumbai",19.1721,72.9568,Mumbai,Maharashtra,108.4630074,60.71234573,1.67,36.38918057,29.37157598,86.11996244,Evening,Tuesday,"App, Card",Commuter,DC Fast Charger
Station_327,EV Point,EV Point - Juhu,"Juhu Tara Rd, Near Juhu Beach, Mumbai, Maharashtra",19.0994,72.8269,Mumbai,Maharashtra,50,79.45782399,2.42,32.88286976,83.12000296,99.62432763,Evening,Saturday,"App, Card",Long-Distance Traveler,Level 1
Station_162,ChargeZone,ChargeZone - Ambernath,"Ambernath Station, Thane",19.186,73.1891,Mumbai,Maharashtra,85,36.86213999,1.41,26.18518786,60.75178076,70.7960969,Evening,Friday,"App, Card",Commuter,Level 2
Station_327,Magenta,Tata Power,"Fortune Cars, Navi Mumbai, Plot No. D-400, TTC Industrial Area, MIDC, Near Uran Phata Signal, Nerul, Navi Mumbai, Maharashtra - 400706",19.03639,73.029907,Mumbai,Maharashtra,75,16.56106433,0.84,19.76909872,25.77541539,69.2012291,Morning,Friday,"App, RFID",Commuter,Level 2
Station_327,EV Dock,Tata Power,"The Taj Mahal Palace, Colaba, In front of Times Building , Apollo Bandar, Colaba, Mumbai, Maharashtra 400001",18.92279506,72.83351898,Mumbai,Maharashtra,75,16.56106433,0.84,19.76909872,25.77541539,69.2012291,Morning,Friday,"App, RFID, UPI",Commuter,Level 2
Station_327,Magenta,Tata Power,"Seven Hills Hospital, Andheri East, SevenHills Health City, Marol Maroshi Road, Andheri East, Mumbai, Maharashtra 400059",19.118831,72.87823,Mumbai,Maharashtra,75,16.56106433,0.84,19.76909872,25.77541539,69.2012291,Morning,Friday,"App, RFID, UPI",Commuter,Level 2
Station_327,Volttic,Tata Power,"IOCL Sahara Hospitality, Vile Parle, opp. Domestic Airport, Navpada, Vile Parle East, Vile Parle, Mumbai, Maharashtra 400099",19.094122,72.85223,Mumbai,Maharashtra,75,16.56106433,0.84,19.76909872,25.77541539,69.2012291,Morning,Friday,"App, UPI",Commuter,Level 2
Station_327,EV Point,Tata Power,"CR - Lokmanya Tilak Station, Kurla, Outside Platform 1, Beside LTT Pay and Park, LTT Station, Pipeline Rd, Tilak Nagar, Kurla, Mumbai, Maharashtra 400089",19.068262,72.890964,Mumbai,Maharashtra,75,16.56106433,0.84,19.76909872,25.77541539,69.2012291,Morning,Friday,App,Commuter,Level 2
Station_96,Jio-bp Pulse,"IOCL - COCO, Prabhadevi","Plot No, P. N. 1207, CADELL RD. MUMBAI, PRABHADEVI CADEL RD., MUMBAI - 400022",19.018857,72.831076,Mumbai,Maharashtra,85,12.92754529,0.53,24.21115012,71.68354384,63.70663794,Afternoon,Monday,"App, Card, UPI",Casual Driver,Level 1
Station_150,EVteQ,EVteQ - Borivali,"Borivali East, Mumbai",19.2365,72.8552,Mumbai,Maharashtra,100,27.60438468,2.46,11.23853863,65.48688658,65.35209627,Morning,Wednesday,"App, Card, UPI",Long-Distance Traveler,Level 1
Station_361,Magenta,Magenta ChargeGrid - Worli,"Atria Mall, Dr Annie Besant Rd, Worli, Mumbai",19.0085,72.8153,Mumbai,Maharashtra,75,43.48775122,1.2,36.18237188,88.74847907,87.824029,Afternoon,Thursday,"App, Card",Commuter,Level 1
Station_211,Volttic,HP Super Service DC Charging Station,"157, Jeevan Bima Marg, Backbay Reclamation, Churchgate, Mumbai, Maharashtra 400020, India",18.9285,72.8255,Mumbai,Maharashtra,62,60.06708509,7.85,7.651570047,22.88146663,51.43427868,Afternoon,Monday,"App, RFID",Casual Driver,Level 2
Station_402,VoltaPoint,VoltaPoint - Parel,"Dr Ambedkar Rd, Parel, Mumbai",19.0094,72.8394,Mumbai,Maharashtra,75,57.72437946,12.87,4.485647105,41.87247964,79.64797277,Afternoon,Friday,App,Long-Distance Traveler,DC Fast Charger
Station_23,EVteQ,EVteQ - Sakinaka,"Sakinaka Junction, Andheri East, Mumbai",19.102,72.8872,Mumbai,Maharashtra,100,68.17785004,2.92,23.31161908,17.04042002,56.07865101,Morning,Thursday,"App, Card, UPI",Long-Distance Traveler,Level 2
Station_461,VoltaPoint,VoltaPoint Charging Station,"527, Building No-2, SRA Cooperative Society, Prabhadevi, near Ahuja Towers, Mumbai",19.0161,72.828,Mumbai,Maharashtra,100,39.39874236,1.93,20.46036487,28.25229826,96.28709224,Morning,Saturday,App,Commuter,Level 2
Station_391,Magenta,Magenta ChargeGrid - Oshiwara,"Oshiwara Police Station Lane, Andheri West, Mumbai",19.1441,72.8366,Mumbai,Maharashtra,85,12.04931971,0.41,29.46894436,36.63685216,66.97610432,Night,Saturday,"App, Card",Commuter,Level 1
Station_185,Fortum,ChargeAndDrive - Juhu,"Juhu Tara Rd, Near Juhu Beach, Mumbai",19.0977,72.8271,Mumbai,Maharashtra,100,17.76943641,0.52,34.45824194,27.69749249,70.51026725,Evening,Thursday,"App, Card, RFID",Casual Driver,DC Fast Charger
Station_130,Fortum,ChargeAndDrive - Juhu,"Juhu Tara Rd, Near Juhu Beach, Mumbai",19.0977,72.8271,Mumbai,Maharashtra,62,77.86372676,1.65,47.1540098,56.91742176,57.46568225,Afternoon,Saturday,"App, Card, RFID",Casual Driver,DC Fast Charger
Station_378,Tata Power,Tata Power,"Fortune Cars, Navi Mumbai, Plot No. D-400, TTC Industrial Area, MIDC, Near Uran Phata Signal, Nerul, Navi Mumbai, Maharashtra - 400706",19.03639,73.029907,Mumbai,Maharashtra,100,71.28000416,1.75,40.61639923,26.15659795,89.92458853,Evening,Wednesday,"App, RFID, UPI",Casual Driver,Level 2
Station_378,EV Point,Tata Power,"The Taj Mahal Palace, Colaba, In front of Times Building , Apollo Bandar, Colaba, Mumbai, Maharashtra 400001",18.92279506,72.83351898,Mumbai,Maharashtra,100,71.28000416,1.75,40.61639923,26.15659795,89.92458853,Evening,Wednesday,"App, Card, RFID",Casual Driver,Level 2
Station_378,Statiq,Tata Power,"Seven Hills Hospital, Andheri East, SevenHills Health City, Marol Maroshi Road, Andheri East, Mumbai, Maharashtra 400059",19.118831,72.87823,Mumbai,Maharashtra,100,71.28000416,1.75,40.61639923,26.15659795,89.92458853,Evening,Wednesday,App,Casual Driver,Level 2
Station_378,Magenta,Tata Power,"IOCL Sahara Hospitality, Vile Parle, opp. Domestic Airport, Navpada, Vile Parle East, Vile Parle, Mumbai, Maharashtra 400099",19.094122,72.85223,Mumbai,Maharashtra,100,71.28000416,1.75,40.61639923,26.15659795,89.92458853,Evening,Wednesday,"App, RFID, UPI",Casual Driver,Level 2
Station_378,ChargeZone,Tata Power,"CR - Lokmanya Tilak Station, Kurla, Outside Platform 1, Beside LTT Pay and Park, LTT Station, Pipeline Rd, Tilak Nagar, Kurla, Mumbai, Maharashtra 400089",19.068262,72.890964,Mumbai,Maharashtra,100,71.28000416,1.75,40.61639923,26.15659795,89.92458853,Evening,Wednesday,"App, Card, RFID",Casual Driver,Level 2
Station_97,Kazam,Kazam - Andheri West,"Near Infiniti Mall, Andheri West, Mumbai",19.1372,72.8276,Mumbai,Maharashtra,62,21.82768818,0.82,26.50712322,33.25598509,51.50113227,Evening,Tuesday,App,Casual Driver,Level 1
Station_87,Volttic,Volttic - Sion,"Sion East, Near Sion Hospital, Mumbai",19.032,72.8597,Mumbai,Maharashtra,40.2,46.195137,0.96,47.87752356,53.00518533,59.90164627,Afternoon,Sunday,"App, Card",Commuter,Level 2
Station_208,Jio-bp Pulse,"Oberoi Mall, Goregaon","Western Express Hwy, Yashodham, Goregaon, Mumbai, Maharashtra 400063",19.1737611,72.8600172,Mumbai,Maharashtra,62,59.25460166,18.38615197,26.50712322,77.03697399,91.82927487,Night,Thursday,"App, Card",Long-Distance Traveler,Level 2
Station_35,Statiq,Statiq - Marol Naka,"Marol Naka Metro Station, Mumbai",19.109,72.8771,Mumbai,Maharashtra,50,67.00568214,16.37,4.092360865,57.67766075,57.11286225,Night,Monday,"App, Card, UPI",Long-Distance Traveler,Level 1
Station_67,Statiq,Statiq - Parel,"Phoenix Mills Compound, Lower Parel, Mumbai",19.0029,72.824,Mumbai,Maharashtra,75,61.13047583,2.63,23.28180496,34.89904375,92.35566117,Evening,Saturday,"App, Card, UPI",Long-Distance Traveler,DC Fast Charger
Station_34,EV Point,Magenta House - Mumbai,"TTC Industrial Area, MIDC Industrial Area, Sanpada, Navi Mumbai",19.06870454,73.02298692,Mumbai,Maharashtra,85,69.16916706,12.45,5.557358509,41.08904487,74.39951853,Afternoon,Wednesday,"App, UPI",Casual Driver,Level 1
Station_151,Magenta,Kohinoor MCGM parking,"Kohinoor Square, Kasaravadi, Dadar, Mumbai, Maharashtra",19.02460889,72.84282021,Mumbai,Maharashtra,100,30.65169982,1.07,28.52235334,38.12132999,81.19721084,Evening,Friday,"App, RFID, UPI",Casual Driver,DC Fast Charger
Station_71,Magenta,K Star Chembur,"VN Purav Marg Diamond Garden, Basant Garden, Chembur Mumbai, Maharashtra,Chembur",19.05231631,72.90163581,Mumbai,Maharashtra,75,59.98647673,2.56,23.41792115,88.09676846,96.13056859,Afternoon,Wednesday,App,Commuter,Level 1
Station_82,Kazam,"Hare Krishna Mahindra, Mulund West","Building, Plot 1, Udyog Kshtra, Mulund Goregaon Link Rd, near D Mart Mulund, Salpa Devi Pada, Mulund West, Mumbai, Maharashtra 400080",19.163979,72.938751,Mumbai,Maharashtra,50,57.92445004,4.62,12.53816191,49.87203405,54.26143302,Morning,Friday,App,Casual Driver,Level 1
Station_224,Tata Power,Tata Power - Palava,"Near Palava City, Dombivli East",19.2081,73.1041,Mumbai,Maharashtra,85,65.43101691,3.23,20.27269894,76.46681164,75.84995703,Night,Sunday,"App, UPI",Long-Distance Traveler,DC Fast Charger
Station_448,Tata Power,Tata Power - Chakala,"Chakala Metro Station, Mumbai",19.1088,72.8535,Mumbai,Maharashtra,100,36.137269,0.99,36.37707579,48.61219347,95.83119936,Night,Sunday,App,Casual Driver,DC Fast Charger
Station_56,Tata Power,Tata Power - Dombivli,"Dombivli East Railway Parking, Thane",19.2188,73.0935,Mumbai,Maharashtra,85,43.44537898,3.365143965,26.50712322,55.70562012,52.80830823,Morning,Friday,App,Casual Driver,Level 1
Station_62,Tata Power,"Mahanagar Gas Limited, Wadala","MGL Terminal, opposite Anik Depot, Wadala, Mumbai, Maharashtra 400022",19.0472567,72.8783829,Mumbai,Maharashtra,63.09631665,47.7140959,11.0477729,26.50712322,49.53760262,57.93745966,Night,Wednesday,"App, RFID",Casual Driver,DC Fast Charger
Station_494,Tata Power,Tata Power - Kandivali West,"Raghuleela Mega Mall, Kandivali West, Mumbai",19.2053,72.8444,Mumbai,Maharashtra,75,64.41904929,2.62,24.62165118,49.17384524,62.34186035,Evening,Friday,"App, RFID, UPI",Long-Distance Traveler,Level 1
Station_127,VoltaPoint,VoltaPoint - Dahisar,"Dahisar Check Naka Parking, Mumbai",19.2567,72.8572,Mumbai,Maharashtra,50,35.55367093,0.78,45.8556972,85.49045253,74.66057198,Night,Tuesday,App,Commuter,Level 1
Station_114,Jio-bp Pulse,Blue Tokai Coffee,"Unit 20-22, Laxmi Woollen Mill, Opposite Blue Loft, Dr E Moses Marg, Off, Shakti Mills Ln, Mahalakshmi, Mumbai",18.989356,72.825234,Mumbai,Maharashtra,100,36.61656862,1.34,27.32114694,66.55511783,56.23715391,Afternoon,Sunday,"App, RFID, UPI",Long-Distance Traveler,Level 2
Station_199,Magenta,Magenta ChargeGrid - Kamothe,"Kamothe Bus Depot, Navi Mumbai",19.016,73.0949,Mumbai,Maharashtra,50,65.48719596,1.74,37.57728956,42.83535123,83.70937054,Evening,Thursday,App,Long-Distance Traveler,DC Fast Charger
Station_13,Tata Power,Tata Power - Kapasi CHSL,"4/5, Enterprise Apartment, Forjet Hill Rd, Tardeo, Mumbai",18.965,72.8098,Mumbai,Maharashtra,85,33.88719708,1.82,18.6042609,40.14074747,63.34760038,Night,Monday,"App, RFID, UPI",Long-Distance Traveler,DC Fast Charger
Station_444,Tata Power,Tata Power - Cotton Green,"Cotton Green Railyard, Mumbai",18.991,72.8485,Mumbai,Maharashtra,85,30.0651389,0.84,35.87112113,13.94832346,93.59847436,Night,Friday,App,Long-Distance Traveler,DC Fast Charger
Station_474,Tata Power,Tata Power - Khar West,"Khar Danda Road, Mumbai",19.0756,72.8322,Mumbai,Maharashtra,100,47.37743937,0.98,48.16033463,23.63676232,68.05817011,Morning,Monday,App,Casual Driver,DC Fast Charger
Station_74,EVteQ,EVteQ - Kandivali,"Kandivali East, Next to Railway Station, Mumbai",19.2104,72.8572,Mumbai,Maharashtra,50,78.69341922,2.15,36.56255637,38.19062073,82.43448923,Evening,Tuesday,"App, Card, UPI",Long-Distance Traveler,Level 1
Station_101,Fortum,ChargeAndDrive - Juhu,"Juhu Tara Rd, Near Juhu Beach, Mumbai",19.0977,72.8271,Mumbai,Maharashtra,85,40.2483826,1.19,33.73226426,45.0273134,77.80287971,Night,Tuesday,"App, Card, RFID",Commuter,DC Fast Charger
Station_366,ATUM,Lodha Florenza,"On Western Express Highway, adjacent to Hub Mall, Cama Industrial Estate, Goregaon, Mumbai, Maharashtra ,Goregaon",19.15381142,72.85579572,Mumbai,Maharashtra,50,56.06879095,1.99,28.16853365,75.63146824,55.82273779,Afternoon,Monday,"App, Card, UPI",Long-Distance Traveler,DC Fast Charger
Station_120,EV Point,Hotel Yogi Midtown,"Plot No DX 12,Thane - Belapur Road D' Zone Bonsari, Village, TTC Industrial Area, Turbhe, Navi Mumbai, Maharashtra ,Thane",19.0640261,73.01971543,Mumbai,Maharashtra,62,65.04979561,2.88,22.55945181,83.58728192,80.04211898,Night,Saturday,"App, Card",Casual Driver,DC Fast Charger
Station_145,Tata Power,Tata Power - Gateway of India,"Apollo Bunder Road, Colaba, Mumbai",18.9218,72.8347,Mumbai,Maharashtra,50.87061708,23.57128154,0.47,49.78371903,51.07152573,79.00243297,Night,Friday,"App, RFID",Casual Driver,DC Fast Charger
Station_352,Tata Power,"Trimurti Petroleum, Panvel","GUT NO.151/2, VILLAGE - AJIVALI, TALUKA - PANVEL, RAIGAD, AJIVALI, 410216",18.9563188,73.1626506,Mumbai,Maharashtra,85,45.57396766,4.11,11.089827,45.7060602,87.23241205,Evening,Monday,App,Commuter,Level 2
Station_137,Statiq,Statiq - Ulhasnagar,"Ulhasnagar Station, Mumbai Region",19.2336,73.1353,Mumbai,Maharashtra,75,54.6408791,2.77,19.70948849,27.0170636,85.53675893,Morning,Monday,"App, Card",Commuter,Level 1
Station_273,ATUM,ATUM Charge - Santacruz,"Santacruz West, Next to Railway Station, Mumbai",19.0815,72.8367,Mumbai,Maharashtra,85,56.01783154,1.48,37.85307848,18.03729692,61.93129744,Evening,Monday,"App, Card",Long-Distance Traveler,Level 1
Station_117,Statiq,Statiq - Kanjurmarg,"Kanjurmarg East Station, Mumbai",19.1341,72.9297,Mumbai,Maharashtra,85,118.8974904,12.8,9.2864977,27.64544589,90.29992273,Night,Monday,"App, Card",Casual Driver,Level 2
Station_368,Magenta,Magenta ChargeGrid - Ghatkopar,"Near Ghatkopar Metro Station, Ghatkopar West, Mumbai",19.0864,72.9085,Mumbai,Maharashtra,75,41.15701391,1.26,32.59959954,68.79319057,75.66889916,Night,Monday,"App, Card",Casual Driver,DC Fast Charger
Station_168,Magenta,Tata Power,"Fortune Cars, Navi Mumbai, Plot No. D-400, TTC Industrial Area, MIDC, Near Uran Phata Signal, Nerul, Navi Mumbai, Maharashtra - 400706",19.03639,73.029907,Mumbai,Maharashtra,50,71.14274636,4.8,14.82991098,73.16017409,75.75484663,Afternoon,Saturday,"App, Card, RFID",Long-Distance Traveler,DC Fast Charger
Station_168,Tata Power,Tata Power,"The Taj Mahal Palace, Colaba, In front of Times Building , Apollo Bandar, Colaba, Mumbai, Maharashtra 400001",18.92279506,72.83351898,Mumbai,Maharashtra,50,71.14274636,4.8,14.82991098,73.16017409,75.75484663,Afternoon,Saturday,"App, Card",Long-Distance Traveler,DC Fast Charger
Station_168,Jio-bp Pulse,Tata Power,"Seven Hills Hospital, Andheri East, SevenHills Health City, Marol Maroshi Road, Andheri East, Mumbai, Maharashtra 400059",19.118831,72.87823,Mumbai,Maharashtra,50,71.14274636,4.8,14.82991098,73.16017409,75.75484663,Afternoon,Saturday,App,Long-Distance Traveler,DC Fast Charger
Station_168,Volttic,Tata Power,"IOCL Sahara Hospitality, Vile Parle, opp. Domestic Airport, Navpada, Vile Parle East, Vile Parle, Mumbai, Maharashtra 400099",19.094122,72.85223,Mumbai,Maharashtra,50,71.14274636,4.8,14.82991098,73.16017409,75.75484663,Afternoon,Saturday,"App, Card, UPI",Long-Distance Traveler,DC Fast Charger
Station_168,Statiq,Tata Power,"CR - Lokmanya Tilak Station, Kurla, Outside Platform 1, Beside LTT Pay and Park, LTT Station, Pipeline Rd, Tilak Nagar, Kurla, Mumbai, Maharashtra 400089",19.068262,72.890964,Mumbai,Maharashtra,50,71.14274636,4.8,14.82991098,73.16017409,75.75484663,Afternoon,Saturday,"App, UPI",Long-Distance Traveler,DC Fast Charger
Station_183,ChargeZone,MH|MUMBAI|POWAI#HIRANANDANI GARDENS,"TECHNOLOGY ST,HIRANANADANI GARDENS,SAINATH NAGAR,POWAI,MUMBAI,MAHARASHTARA 400076",19.11999443,72.9141036,Mumbai,Maharashtra,50,21.82050637,0.22,97.3422547,78.27386156,76.89957103,Afternoon,Sunday,"App, Card, UPI",Long-Distance Traveler,Level 1
Station_183,Magenta,MH|MUMBAI|POWAI#HIRANANDANI GARDENS,"TECHNOLOGY ST,HIRANANADANI GARDENS,SAINATH NAGAR,POWAI,MUMBAI,MAHARASHTARA 400076",19.12,72.9141,Mumbai,Maharashtra,50,21.82050637,0.22,97.3422547,78.27386156,76.89957103,Afternoon,Sunday,"App, Card, RFID",Long-Distance Traveler,Level 1
Station_152,ATUM,"Hotel Suba Galaxy, Andheri East","NS Phadake Marg, Opp Teli galli,Near Eastern expres Highway, Andheri East Mumbai 400069u00c2u00a0",19.1142415,72.8518766,Mumbai,Maharashtra,62,47.31460938,4.66,10.16337295,40.48798797,98.82353364,Afternoon,Sunday,App,Casual Driver,Level 1
Station_496,Tata Power,Tata Power - Taloja Station,"Taloja Panchanand Station, Navi Mumbai",19.0494,73.1166,Mumbai,Maharashtra,50,63.62653233,6.37,9.986771923,41.00608003,71.25331651,Afternoon,Sunday,App,Commuter,Level 1
Station_212,Kazam,"Trimurti Petroleum, Panvel","GUT NO.151/2, VILLAGE - AJIVALI, TALUKA - PANVEL, RAIGAD, AJIVALI, 410216",18.9563188,73.1626506,Mumbai,Maharashtra,50,8.349591228,0.18,47.48218949,43.32205191,62.97068755,Morning,Sunday,"App, Card",Long-Distance Traveler,Level 1
Station_132,Magenta,Magenta ChargeGrid - Bhayandar,"Bhayandar West Station Parking, Mumbai",19.3134,72.8476,Mumbai,Maharashtra,62,13.48519533,0.45,29.87310551,82.88645336,52.6525883,Night,Monday,App,Commuter,DC Fast Charger
Station_108,Statiq,Statiq - Navi Mumbai,"Seawoods Station, Navi Mumbai",19.0387,73.0222,Mumbai,Maharashtra,85,70.99471727,5.65,12.56141232,72.89524753,68.05110318,Morning,Friday,"App, Card, UPI",Long-Distance Traveler,Level 1
Station_205,ChargeZone,ChargeZone - Chembur,"Chembur Station East, Mumbai",19.0549,72.9038,Mumbai,Maharashtra,89.03206383,78.64289917,2.26,34.823951,74.34868091,50.72443431,Afternoon,Wednesday,"App, Card, UPI",Commuter,Level 2
Station_155,Jio-bp Pulse,Vasant oasis,"Borosil Plot,off, Makwana Rd, Marol, Andheri East, Mumbai, Maharashtra",19.1146146,72.8840941,Mumbai,Maharashtra,85,75.18617181,1.41,53.1747828,17.16005127,64.31018702,Evening,Tuesday,"App, RFID",Casual Driver,Level 1
Station_436,Tata Power,Tata Power - BKC Substation,"Near Asian Heart Hospital, Opp Bharat Diamond Bourse, Bandra East, Mumbai, MH 400051",19.0585,72.8557,Mumbai,Maharashtra,75,15.27366667,2.84,5.37038419,86.95322411,85.13643915,Night,Friday,"App, RFID, UPI",Long-Distance Traveler,DC Fast Charger
Station_338,ATUM,HOTEL REDWINGS CASTLE,"Near to Orion Mall/ New Panvel Bridge, Old, Mumbai - Pune Expy,",18.99453515,73.11513242,Mumbai,Maharashtra,50,44.15948701,1.86,23.75243532,81.45214551,89.2935832,Morning,Thursday,"App, RFID",Long-Distance Traveler,Level 1
Station_181,Tata Power,"Ginger Mumbai, Andheri East","Teli - Gali Road, Andheri (East), Mumbai - 400069",19.11599,72.85018,Mumbai,Maharashtra,50,20.46478094,1.1,18.59949061,18.13415171,56.11481332,Morning,Wednesday,"App, Card, UPI",Casual Driver,Level 1
Station_275,Magenta,Magenta ChargeGrid - Breach Candy,"Breach Candy Hospital Complex, Mumbai",18.9677,72.8055,Mumbai,Maharashtra,120.5106328,68.82528251,4.06,16.93561005,70.75160734,55.33183817,Afternoon,Monday,"App, Card",Commuter,Level 1
Station_492,Magenta,Magenta ChargeGrid - Bhandup,"LBS Marg, Near Bhandup Station, Mumbai",19.1547,72.9346,Mumbai,Maharashtra,62,22.57288245,0.54,41.5266716,18.85564766,98.32393365,Evening,Friday,"App, Card",Long-Distance Traveler,DC Fast Charger
Station_263,Tata Power,Tata Power - Mahanagar Gas,"MGL Terminal, Opposite Anik Depot, Wadala, Mumbai",19.0281,72.8647,Mumbai,Maharashtra,100,22.27571241,1.22,18.2090343,83.64021009,59.25917191,Morning,Wednesday,App,Long-Distance Traveler,DC Fast Charger
Station_302,Magenta,Magenta ChargeGrid - Kalyan,"Kalyan West, Kalyan, Thane",19.2403,73.1258,Mumbai,Maharashtra,75,61.11752874,2.15,28.40157855,28.7158913,52.96116986,Night,Sunday,"App, Card",Long-Distance Traveler,Level 2
Station_442,Tata Power,Tata Power - Gateway of India,"Apollo Bunder Road, Colaba, Mumbai",18.9218,72.8347,Mumbai,Maharashtra,75,36.5318794,7.17,5.092837674,80.02092861,75.52594739,Evening,Sunday,"App, RFID",Long-Distance Traveler,DC Fast Charger
Station_400,VoltaPoint,VoltaPoint - Dahisar,"Dahisar Check Naka Parking, Mumbai",19.2567,72.8572,Mumbai,Maharashtra,50,47.90409794,2.17,22.06190557,48.97534202,75.49040404,Night,Thursday,App,Commuter,Level 1
Station_71,EV Dock,EV Dock - Malad,"G-603/604, Vasari Hill Rd, Malad, Sunder Nagar, Goregaon West, Mumbai",19.1787,72.8446,Mumbai,Maharashtra,100,79.00225971,2.93,26.97742286,22.53375157,93.2978301,Night,Friday,"App, RFID, UPI",Commuter,Level 2
Station_121,ChargeZone,ChargeZone - Versova,"Versova Metro Station, Andheri West, Mumbai",19.137,72.8261,Mumbai,Maharashtra,75,51.62169093,1.2,43.16138737,22.78747904,58.66249439,Afternoon,Monday,"App, Card",Casual Driver,Level 1
Station_63,ChargeZone,"Brookfield, Powai","Spectra, High St, Hiranandani Gardens, Powai, Mumbai, Maharashtra 400076",19.11637,72.91086,Mumbai,Maharashtra,75,70.62045542,3.85,18.33554746,25.72347164,99.5858146,Morning,Saturday,"App, UPI",Commuter,Level 1
Station_63,EV Dock,"Brookfield, Powai","Pay & Park, Central Ave, Hiranandani Gardens, Powai, Mumbai, Maharashtra 400076",19.11644,72.90968,Mumbai,Maharashtra,75,70.62045542,3.85,18.33554746,25.72347164,99.5858146,Morning,Saturday,"App, UPI",Commuter,Level 1
Station_436,VoltaPoint,"Nathani Heights, Mumbai Central","Junction of Bellasis Road and Dr D.B. Marg , Mumbai Central, Mumbai 400008",18.9688627,72.8207138,Mumbai,Maharashtra,75,32.52486105,1.03,31.55315617,23.42576753,83.74262074,Evening,Thursday,"App, Card, RFID",Long-Distance Traveler,DC Fast Charger
Station_68,Tata Power,Tata Power - Vikhroli,"Near Vikhroli Station East, Mumbai",19.106,72.9286,Mumbai,Maharashtra,100,78.3990561,2.63,29.75315871,49.66021029,83.24626253,Night,Sunday,"App, RFID, UPI",Commuter,Level 1
Station_108,EV Dock,Blue Tokai Coffee,"Unit 20-22, Laxmi Woollen Mill, Opposite Blue Loft, Dr E Moses Marg, Off, Shakti Mills Ln, Mahalakshmi, Mumbai",18.989356,72.825234,Mumbai,Maharashtra,75,23.99396127,0.73,32.93397056,87.85226345,75.36398823,Evening,Tuesday,"App, RFID",Long-Distance Traveler,Level 2
Station_417,ATUM,MCGM Parking || Runwal Anthurium,"Runwal Anthurium Rd, opposite Veena Nagar, Vardhman Nagar, Mulund West",19.18066617,72.94684724,Mumbai,Maharashtra,100,23.54038392,6.71,3.508161487,17.17061425,39.31920167,Evening,Thursday,"App, UPI",Casual Driver,Level 2
Station_216,Magenta,"Nathani Heights, Mumbai Central","Junction of Bellasis Road and Dr D.B. Marg , Mumbai Central, Mumbai 400008",18.9688627,72.8207138,Mumbai,Maharashtra,85,46.45478115,1.08,42.8384828,12.79308917,70.71797257,Morning,Tuesday,App,Commuter,Level 1
Station_98,Magenta,Magenta ChargeGrid - Chembur Diamond Garden,"Diamond Garden, Chembur, Mumbai",19.0458,72.8991,Mumbai,Maharashtra,100,66.17491556,16.16,4.096052506,57.51855751,59.21834421,Night,Wednesday,App,Casual Driver,DC Fast Charger
Station_484,Tata Power,Tata Power - Tilak Nagar,"Tilak Nagar Railway Station, Mumbai",19.0734,72.8892,Mumbai,Maharashtra,50,55.42091221,1.42,39.08038685,74.61169024,62.05991728,Morning,Thursday,App,Commuter,DC Fast Charger
Station_276,EV Point,"Tata Power, Dharavi Colony","Tata Power Dharavi Colony labour camp dharavi ,Matunga ,Mumbai 400019",19.034402,72.85284,Mumbai,Maharashtra,85,14.50345514,0.39,37.65992488,51.14214596,99.98660421,Morning,Tuesday,"App, RFID, UPI",Commuter,Level 2
Station_183,Ather,Ather Grid - Hiranandani,"Hiranandani Gardens, Powai, Mumbai",19.1206,72.9188,Mumbai,Maharashtra,62,103.8126056,6.26,16.59138267,52.79679327,89.35179211,Night,Friday,App,Casual Driver,Level 2
Station_322,Kazam,Vasant oasis,"Borosil Plot,off, Makwana Rd, Marol, Andheri East, Mumbai, Maharashtra",19.1146146,72.8840941,Mumbai,Maharashtra,62,62.19283346,3.04,20.45251231,24.3852456,88.82972948,Morning,Saturday,"App, RFID, UPI",Long-Distance Traveler,DC Fast Charger
Station_238,ATUM,ATUM Charge - Santacruz,"Santacruz West, Next to Railway Station, Mumbai",19.0815,72.8367,Mumbai,Maharashtra,85,40.16142185,1.41,28.47996213,35.04453498,94.56359194,Evening,Wednesday,"App, Card",Casual Driver,DC Fast Charger
Station_134,Jio-bp Pulse,Jio-bp Pulse - Goregaon West,"Inorbit Mall, Goregaon West, Mumbai",19.1643,72.8346,Mumbai,Maharashtra,62,42.51736092,1.07,39.91263736,88.94643474,63.74334492,Morning,Saturday,App,Casual Driver,Level 2
Station_222,Jio-bp Pulse,Jio-bp Pulse - Kolshet,"Kolshet Road, Thane West",19.2587,72.9773,Mumbai,Maharashtra,75,10.45065783,0.26,39.8938261,82.76444286,60.77776335,Afternoon,Wednesday,App,Long-Distance Traveler,Level 2
Station_373,Magenta,Magenta ChargeGrid - Trombay,"Anushakti Nagar, Trombay, Mumbai",19.037,72.9235,Mumbai,Maharashtra,100,30.805662,1.62,18.97988935,60.72720275,61.20655137,Night,Saturday,App,Casual Driver,Level 2
Station_480,Tata Power,Tata Power - Juhu Vile Parle,"Juhu Beach Gate 3, Mumbai",19.097,72.8261,Mumbai,Maharashtra,77.60847805,73.09045077,2.41,30.38880381,29.66650146,99.85685077,Morning,Tuesday,"App, RFID",Casual Driver,DC Fast Charger
Station_48,Ather,MH|MUMBAI|POWAI#HIRANANDANI GARDENS,"TECHNOLOGY ST,HIRANANADANI GARDENS,SAINATH NAGAR,POWAI,MUMBAI,MAHARASHTARA 400076",19.11999443,72.9141036,Mumbai,Maharashtra,75,26.99234408,0.58,46.58137118,23.69485787,56.10531021,Morning,Monday,"App, Card, RFID",Commuter,Level 2
Station_48,ATUM,MH|MUMBAI|POWAI#HIRANANDANI GARDENS,"TECHNOLOGY ST,HIRANANADANI GARDENS,SAINATH NAGAR,POWAI,MUMBAI,MAHARASHTARA 400076",19.12,72.9141,Mumbai,Maharashtra,75,26.99234408,0.58,46.58137118,23.69485787,56.10531021,Morning,Monday,"App, Card, RFID",Commuter,Level 2
Station_11,Tata Power,Tata Power - Thane West,"Thane West Station, Thane",19.1915,72.972,Mumbai,Maharashtra,75,52.90446367,3.4,15.57205559,89.8386107,97.49538047,Night,Saturday,"App, UPI",Long-Distance Traveler,Level 2
Station_293,Magenta,Magenta ChargeGrid - Wadala,"Wadala Truck Terminal, Mumbai",19.0188,72.8571,Mumbai,Maharashtra,75,43.4665651,1.87,23.22301592,70.60042408,89.35441576,Evening,Friday,App,Long-Distance Traveler,Level 2
Station_454,Jio-bp Pulse,"IOCL Kini Causway, Bandra","36, SV Rd, Santosh Nagar, Bandra West, Mumbai, Maharashtra 400050",19.051601,72.838011,Mumbai,Maharashtra,50,54.88401336,7.86,6.985136805,64.28041815,82.38389625,Night,Saturday,"App, Card",Commuter,Level 1
Station_328,Tata Power,Tata Power - Khandeshwar,"Khandeshwar Railway Station, Navi Mumbai",19.0028,73.1076,Mumbai,Maharashtra,75,36.04757739,0.72,49.85189639,46.32842586,52.15170917,Evening,Tuesday,App,Casual Driver,Level 2
Station_149,Statiq,"Magenta TTC, Turbhe","Magenta House, D-285, TTC Industrial Area, nTurbhe, Near Unitech Motors, Navi Mumbai, Maharashtra",19.0685788,73.022744,Mumbai,Maharashtra,62,31.73575031,2.85,11.12987276,58.96875275,81.66823961,Evening,Wednesday,"App, UPI",Casual Driver,Level 1
Station_377,Ather,Ather Grid - Hiranandani,"Hiranandani Gardens, Powai, Mumbai",19.1206,72.9188,Mumbai,Maharashtra,85,64.53824697,3.68,17.56016007,17.18963766,57.13538346,Evening,Tuesday,App,Commuter,Level 2
Station_35,EV Dock,MH|MUMBAI|POWAI#HIRANANDANI GARDENS,"TECHNOLOGY ST,HIRANANADANI GARDENS,SAINATH NAGAR,POWAI,MUMBAI,MAHARASHTARA 400076",19.11999443,72.9141036,Mumbai,Maharashtra,75,69.44996148,1.41,49.41673269,27.56248159,63.29227669,Morning,Thursday,"App, Card, RFID",Casual Driver,Level 1
Station_35,Volttic,MH|MUMBAI|POWAI#HIRANANDANI GARDENS,"TECHNOLOGY ST,HIRANANADANI GARDENS,SAINATH NAGAR,POWAI,MUMBAI,MAHARASHTARA 400076",19.12,72.9141,Mumbai,Maharashtra,75,69.44996148,1.41,49.41673269,27.56248159,63.29227669,Morning,Thursday,"App, Card",Casual Driver,Level 1
Station_266,Tata Power,Tata Power - Vikhroli,"Near Vikhroli Station East, Mumbai",19.106,72.9286,Mumbai,Maharashtra,62,79.46231191,3.13,25.41252017,28.46123084,49.09641538,Evening,Wednesday,"App, RFID, UPI",Long-Distance Traveler,DC Fast Charger
Station_10,Tata Power,Tata Power - Ballard Estate,"Ballard Estate Parking Lot, Fort, Mumbai",18.9451,72.8354,Mumbai,Maharashtra,50,27.04710323,5.98,4.521631542,52.03296568,105.6169219,Afternoon,Monday,"App, RFID, UPI",Commuter,DC Fast Charger
Station_446,Statiq,Statiq - Ulhasnagar,"Ulhasnagar Station, Mumbai Region",19.2336,73.1353,Mumbai,Maharashtra,100,5.650181738,0.48,11.66743821,58.40045758,65.01799109,Morning,Saturday,"App, Card",Casual Driver,DC Fast Charger
Station_4,Magenta,Magenta ChargeGrid - Kalyan East,"Kalyan East Bus Depot, Thane",19.2402,73.1362,Mumbai,Maharashtra,69.44504561,72.71574853,2.25,32.25343212,28.89851962,57.73534409,Afternoon,Monday,App,Commuter,DC Fast Charger
Station_426,Volttic,BMC Parking Runwal Greens,"Nahur West, Industrial Area, Bhandup West, Mumbai, Maharashtra",19.1593952,72.945112,Mumbai,Maharashtra,85,61.9271036,2.45,25.27459826,73.65740812,93.02610697,Morning,Wednesday,"App, Card, UPI",Commuter,DC Fast Charger
Station_338,EVteQ,Lodha Venezia CPL,"GD Ambekar Marg, Lal Baug, Parel, Mumbai, Maharashtra",18.9917205,72.841513,Mumbai,Maharashtra,62,33.39817876,2.32,14.42092922,23.34413923,68.13930115,Morning,Tuesday,"App, Card, UPI",Long-Distance Traveler,DC Fast Charger
Station_19,VoltaPoint,MCGM Parking || Club Aquaria,"Devidas Lane, Shanti Ashram Borivali West, Near St.Lawrence High School, Mumbai, Maharashtra ,Borivali",19.2402364,72.8481819,Mumbai,Maharashtra,50,74.54048486,4.4,16.93586894,51.81491129,76.07639193,Evening,Saturday,"App, Card, RFID",Casual Driver,Level 2
Station_330,ChargeZone,Tata Power,"Fortune Cars, Navi Mumbai, Plot No. D-400, TTC Industrial Area, MIDC, Near Uran Phata Signal, Nerul, Navi Mumbai, Maharashtra - 400706",19.03639,73.029907,Mumbai,Maharashtra,100,76.49931987,2.04,37.44551098,24.87475156,58.71010168,Evening,Thursday,"App, UPI",Commuter,Level 2
Station_330,Kazam,Tata Power,"The Taj Mahal Palace, Colaba, In front of Times Building , Apollo Bandar, Colaba, Mumbai, Maharashtra 400001",18.92279506,72.83351898,Mumbai,Maharashtra,100,76.49931987,2.04,37.44551098,24.87475156,58.71010168,Evening,Thursday,App,Commuter,Level 2
Station_330,Tata Power,Tata Power,"Seven Hills Hospital, Andheri East, SevenHills Health City, Marol Maroshi Road, Andheri East, Mumbai, Maharashtra 400059",19.118831,72.87823,Mumbai,Maharashtra,100,76.49931987,2.04,37.44551098,24.87475156,58.71010168,Evening,Thursday,"App, RFID, UPI",Commuter,Level 2
Station_330,ATUM,Tata Power,"IOCL Sahara Hospitality, Vile Parle, opp. Domestic Airport, Navpada, Vile Parle East, Vile Parle, Mumbai, Maharashtra 400099",19.094122,72.85223,Mumbai,Maharashtra,100,76.49931987,2.04,37.44551098,24.87475156,58.71010168,Evening,Thursday,"App, Card, RFID",Commuter,Level 2
Station_330,EV Point,Tata Power,"CR - Lokmanya Tilak Station, Kurla, Outside Platform 1, Beside LTT Pay and Park, LTT Station, Pipeline Rd, Tilak Nagar, Kurla, Mumbai, Maharashtra 400089",19.068262,72.890964,Mumbai,Maharashtra,100,76.49931987,2.04,37.44551098,24.87475156,58.71010168,Evening,Thursday,"App, Card, RFID",Commuter,Level 2
Station_250,Statiq,Statiq - Panvel,"Orion Mall, Panvel",18.9892,73.117,Mumbai,Maharashtra,85,63.83060875,1.67,38.13906947,11.08354591,74.40527959,Evening,Thursday,"App, Card",Casual Driver,Level 2
Station_228,Tata Power,Tata Power - Mahalaxmi West,"Shree Simandhar Towers, Mahalaxmi West, Mumbai",18.994,72.8231,Mumbai,Maharashtra,62,65.18392769,1.69,38.57770533,17.72971756,82.7913617,Night,Saturday,App,Commuter,Level 1
Station_112,ChargeZone,ChargeZone - Versova,"Versova Metro Station, Andheri West, Mumbai",19.137,72.8261,Mumbai,Maharashtra,75,21.03051965,2.52,8.332992518,16.00498511,70.4098916,Night,Saturday,"App, Card",Commuter,DC Fast Charger
Station_438,Statiq,Statiq - Kurla Nehru Nagar,"Nehru Nagar Bus Stand, Kurla East, Mumbai",19.072,72.8821,Mumbai,Maharashtra,39.29742253,21.0022301,0.8,26.23272288,32.2755592,58.86833854,Night,Friday,"App, Card",Commuter,Level 2
Station_20,Magenta,Magenta ChargeGrid - Bhayandar,"Bhayandar West Station Parking, Mumbai",19.3134,72.8476,Mumbai,Maharashtra,75,34.80201788,2.1,16.59673018,64.52432585,57.79820096,Night,Wednesday,App,Casual Driver,DC Fast Charger
Station_129,Kazam,Kazam - Andheri West,"Near Infiniti Mall, Andheri West, Mumbai",19.1372,72.8276,Mumbai,Maharashtra,75,41.95057477,1.07,39.2570047,89.07810182,96.16384199,Evening,Monday,App,Commuter,DC Fast Charger
Station_189,ChargeZone,ChargeZone - Vashi,"Vashi Station East, Navi Mumbai",19.0708,72.9991,Mumbai,Maharashtra,62,11.48343149,0.53,21.47990189,35.53501681,91.07521077,Night,Friday,"App, UPI",Long-Distance Traveler,DC Fast Charger
Station_44,Statiq,Statiq - Panvel,"Orion Mall, Panvel",18.9892,73.117,Mumbai,Maharashtra,85,15.25417073,2.26,6.762530034,42.74181829,88.23131388,Evening,Thursday,"App, Card",Commuter,Level 1
Station_330,Kazam,Kazam - Parel,"Dr Ambedkar Rd, Parel, Mumbai",19.0094,72.8394,Mumbai,Maharashtra,85,45.0685333,1.1,41.03311514,51.66193909,92.05776183,Night,Sunday,"App, Card, UPI",Long-Distance Traveler,Level 1
Station_378,Magenta,Magenta ChargeGrid - Trombay,"Anushakti Nagar, Trombay, Mumbai",19.037,72.9235,Mumbai,Maharashtra,75,64.87047474,1.66,38.98816937,26.65071179,56.3647707,Night,Tuesday,App,Casual Driver,Level 1
Station_390,ATUM,Masstech controls Pvt ltd,"2/7 Meghal Industrial Estate, Devidayal Road, Mulund West, Mumbai, Maharashtra 400080",19.17674569,72.94574801,Mumbai,Maharashtra,50,25.13233553,1.55,16.20549351,25.68434812,94.52863671,Night,Monday,"App, RFID, UPI",Commuter,Level 1
Station_120,Tata Power,Tata Power - Nariman Point,"CR2 Mall Parking, Nariman Point, Mumbai, MH 400021",18.9255,72.8234,Mumbai,Maharashtra,85,67.45124177,1.5,45.01922284,36.06774243,61.52733401,Evening,Friday,"App, RFID, UPI",Casual Driver,DC Fast Charger
Station_405,Magenta,Magenta ChargeGrid - Prabhadevi,"Century Bazaar, Prabhadevi, Mumbai",19.0155,72.8275,Mumbai,Maharashtra,75,21.81937874,20.89046305,26.50712322,77.21863836,96.77280778,Evening,Monday,App,Casual Driver,Level 1
Station_352,Statiq,Statiq - Bandra Kurla Complex,"Next to Bharat Diamond Bourse, BKC, Mumbai",19.0588,72.8703,Mumbai,Maharashtra,85,60.12372287,1.96,30.65934381,30.09851055,86.7579399,Night,Friday,"App, Card",Long-Distance Traveler,DC Fast Charger
Station_426,Volttic,Volttic - Ghansoli,"Ghansoli Station East, Navi Mumbai",19.1339,73.0011,Mumbai,Maharashtra,62,28.57887808,1.51,18.89050926,25.48787822,91.4661195,Afternoon,Wednesday,App,Long-Distance Traveler,DC Fast Charger
Station_32,Ather,Ather Grid - Sewri,"Next to VRL Logistics, Ashok Gardens, PD’Mello Rd, Sewri West, Mumbai 400033",18.9959,72.8532,Mumbai,Maharashtra,62,21.13404478,0.65,32.2920457,44.71421516,79.20117924,Night,Sunday,App,Long-Distance Traveler,Level 2
Station_25,Tata Power,Tata Power - Khandeshwar,"Khandeshwar Railway Station, Navi Mumbai",19.0028,73.1076,Mumbai,Maharashtra,50,79.39006382,4.15,19.13778917,63.91237042,87.44451137,Morning,Saturday,App,Commuter,Level 2
Station_232,Kazam,Kazam - Thane,"Eastern Express Hwy, Near Viviana Mall, Thane, Mumbai",19.1866,72.9728,Mumbai,Maharashtra,85,43.4665651,1.25,34.69206917,49.71687028,75.84852337,Morning,Thursday,App,Casual Driver,Level 2
Station_84,Statiq,Statiq - Kharghar Central Park,"Central Park Parking, Kharghar, Navi Mumbai",19.0418,73.0634,Mumbai,Maharashtra,85,64.60983161,16.19,3.991359551,21.98287037,72.93984362,Morning,Wednesday,App,Long-Distance Traveler,Level 1
Station_402,Statiq,Statiq - Ghatkopar,"Ghatkopar East, Mumbai",19.0836,72.9136,Mumbai,Maharashtra,62,34.38288065,5.24,6.558201297,51.16789791,88.32990473,Night,Sunday,"App, Card",Long-Distance Traveler,Level 1
Station_72,Statiq,Statiq - Palava City,"Lodha Xperia Mall, Palava City, Dombivli",19.2263,73.0965,Mumbai,Maharashtra,75,37.42669941,2.2,16.98014038,94.43594757,90.5370852,Afternoon,Tuesday,App,Casual Driver,Level 1
Station_172,EVteQ,Blue Tokai Coffee,"Unit 20-22, Laxmi Woollen Mill, Opposite Blue Loft, Dr E Moses Marg, Off, Shakti Mills Ln, Mahalakshmi, Mumbai",18.989356,72.825234,Mumbai,Maharashtra,85,75.62248861,4.5,16.79147373,72.63725302,68.33086516,Morning,Sunday,"App, RFID, UPI",Commuter,DC Fast Charger
Station_343,Tata Power,Tata Power - Tilak Nagar,"Tilak Nagar Railway Station, Mumbai",19.0734,72.8892,Mumbai,Maharashtra,75,66.85109294,3.3,20.27113939,24.35122821,61.21435182,Evening,Tuesday,App,Long-Distance Traveler,DC Fast Charger
Station_436,EVteQ,HP Super Service DC Charging Station,"157, Jeevan Bima Marg, Backbay Reclamation, Churchgate, Mumbai, Maharashtra 400020, India",18.9285,72.8255,Mumbai,Maharashtra,62,32.34799933,2.13,15.17023592,71.05173681,83.00801294,Morning,Sunday,"App, Card, RFID",Casual Driver,DC Fast Charger
Station_218,Statiq,Statiq - Andheri East,"Andheri East Metro Station, Mumbai",19.1146,72.8696,Mumbai,Maharashtra,100,10.24188589,0.48,21.4576929,30.14072124,85.00767894,Evening,Monday,"App, Card, UPI",Long-Distance Traveler,Level 2
Station_275,Ather,Carnival Cinemas Imax,"Carnival Cinemas Imax, Anik Wadala Link Rd, Bhakti Park, Wadala, Mumbai, Maharashtra ,Worli",19.0313299,72.8809653,Mumbai,Maharashtra,62,71.97510218,3.04,23.65002521,63.10375471,63.99918589,Morning,Monday,"App, UPI",Commuter,Level 2
Station_208,Tata Power,Tata Power Charging Station,"Anik Depot, Municipal Kamgar Vasahat, Trombay Industrial Area, Chembur, Mumbai",19.0302,72.8927,Mumbai,Maharashtra,62,75.40700954,4.25,17.72970872,32.02965793,101.6052792,Evening,Sunday,"App, UPI",Commuter,Level 2
Station_309,Statiq,Statiq - Ghatkopar,"Ghatkopar East, Mumbai",19.0836,72.9136,Mumbai,Maharashtra,85,28.27985715,2.14,13.22697476,62.57412042,88.35855053,Evening,Tuesday,"App, Card",Commuter,Level 2
Station_57,Statiq,Statiq - Bandra Kurla Complex,"Next to Bharat Diamond Bourse, BKC, Mumbai",19.0588,72.8703,Mumbai,Maharashtra,50,21.42275953,2.33,9.189077429,86.4947654,52.98111186,Afternoon,Monday,"App, Card",Commuter,DC Fast Charger
Station_339,Jio-bp Pulse,"Brookfield, Powai","Spectra, High St, Hiranandani Gardens, Powai, Mumbai, Maharashtra 400076",19.11637,72.91086,Mumbai,Maharashtra,50,22.01644361,0.53,41.19625064,23.66561092,74.89872942,Morning,Monday,"App, Card",Casual Driver,Level 1
Station_339,EVteQ,"Brookfield, Powai","Pay & Park, Central Ave, Hiranandani Gardens, Powai, Mumbai, Maharashtra 400076",19.11644,72.90968,Mumbai,Maharashtra,50,22.01644361,0.53,41.19625064,23.66561092,74.89872942,Morning,Monday,"App, RFID, UPI",Casual Driver,Level 1
Station_76,Tata Power,Tata Power - Antop Hill,"Antop Hill Post Office, Mumbai",19.0165,72.8605,Mumbai,Maharashtra,85,49.73870005,1.51,32.86836958,85.72764732,52.82854415,Night,Wednesday,App,Commuter,DC Fast Charger
Station_459,Statiq,Statiq - Navi Mumbai,"Seawoods Station, Navi Mumbai",19.0387,73.0222,Mumbai,Maharashtra,100,44.95337165,1.32,34.04003944,66.85003619,61.31395763,Night,Saturday,"App, Card, UPI",Casual Driver,Level 1
Station_156,Statiq,Statiq - Parel,"Phoenix Mills Compound, Lower Parel, Mumbai",19.0029,72.824,Mumbai,Maharashtra,62,44.06215479,3.49,12.63772843,74.68318534,73.06427881,Morning,Sunday,"App, Card, UPI",Casual Driver,Level 2
Station_258,Volttic,Volttic - Ghansoli,"Ghansoli Station East, Navi Mumbai",19.1339,73.0011,Mumbai,Maharashtra,75,38.59813941,1.45,26.5629522,37.92749853,75.10094365,Evening,Saturday,App,Long-Distance Traveler,Level 2
Station_254,Tata Power,Tata Power - Dombivli,"Dombivli East Railway Parking, Thane",19.2188,73.0935,Mumbai,Maharashtra,62,79.75044564,10.72779587,26.50712322,19.73375144,69.33144338,Evening,Saturday,App,Commuter,DC Fast Charger
Station_188,Statiq,Statiq - Panvel,"Orion Mall, Panvel",18.9892,73.117,Mumbai,Maharashtra,85,66.89909636,1.7,39.32414111,22.59313605,75.40468289,Morning,Tuesday,"App, Card",Commuter,DC Fast Charger
Station_32,Jio-bp Pulse,Jio-bp Pulse - Napean Sea Road,"Priyadarshini Park, Mumbai",18.9636,72.8019,Mumbai,Maharashtra,50,40.05179662,1.52,26.32801687,21.78035695,92.33198159,Morning,Saturday,App,Casual Driver,DC Fast Charger
Station_485,Magenta,Magenta ChargeGrid - Mahalaxmi,"Mahalaxmi Race Course, Mumbai",18.9938,72.8237,Mumbai,Maharashtra,62,38.36041213,1,38.34376389,72.50501027,86.30071772,Night,Tuesday,"App, Card",Long-Distance Traveler,DC Fast Charger
Station_397,Volttic,Volttic - Worli Sea Face,"Worli Sea Face Promenade, Worli, Mumbai",19.0053,72.8157,Mumbai,Maharashtra,75,6.337534265,1.47,4.315961671,44.29225743,55.5236463,Morning,Wednesday,App,Long-Distance Traveler,Level 1
Station_5,Tata Power,Lifeon Industries,"D298, TTC Industrial area, turbhe",19.06895357,73.02251015,Mumbai,Maharashtra,100,6.97877135,0.19,35.78892354,23.83153159,78.77996734,Morning,Tuesday,"App, UPI",Casual Driver,DC Fast Charger
Station_330,VoltaPoint,Volltic PCS04,"Gala No14 A, KBM compound, military road, raje shivaji nagar, marol, andheri east, 400072",19.12012455,72.88724762,Mumbai,Maharashtra,50,62.42036137,2.09,29.9083034,119.0511075,50.38374048,Night,Thursday,"App, RFID, UPI",Casual Driver,DC Fast Charger
Station_412,Statiq,Statiq - Santacruz,"Santacruz West, Near Railway Station, Mumbai",19.0803,72.8365,Mumbai,Maharashtra,75,23.8368801,1.93,12.32951236,63.19883628,73.81270846,Night,Sunday,"App, Card, UPI",Commuter,Level 1
Station_416,Volttic,Volttic - BKC,"Bandra Kurla Complex, Bandra East, Mumbai",19.0658,72.8687,Mumbai,Maharashtra,47.65326138,29.34959504,0.97,30.32389572,72.60499922,22.27521585,Morning,Tuesday,"App, Card",Commuter,Level 1
Station_65,Tata Power,Tata Power - Airoli,"Reliable Plaza, Airoli, Navi Mumbai",19.164,72.9948,Mumbai,Maharashtra,50,69.71594631,6.93,10.06309377,20.4323108,79.5199883,Evening,Saturday,"App, RFID",Long-Distance Traveler,DC Fast Charger
Station_11,Tata Power,Tata Power - Kurla LBS,"LBS Marg, Kurla West, Mumbai",19.0702,72.881,Mumbai,Maharashtra,50,69.42235104,7.02,9.889820742,29.13398079,99.88715307,Evening,Monday,"App, RFID",Casual Driver,DC Fast Charger
Station_421,ATUM,ATUM Charge - Ghatkopar,"Ghatkopar East, Mumbai",19.0852,72.9114,Mumbai,Maharashtra,105.5549669,48.50288659,1.11,43.60970746,28.20893507,64.31222001,Night,Monday,"App, Card",Casual Driver,Level 2
Station_221,Kazam,Kazam - Andheri West,"Near Infiniti Mall, Andheri West, Mumbai",19.1372,72.8276,Mumbai,Maharashtra,75,45.4711888,0.95,48.01145593,56.83137688,89.62384239,Morning,Sunday,App,Commuter,Level 1
Station_424,Kazam,Kazam - Thane,"Eastern Express Hwy, Near Viviana Mall, Thane, Mumbai",19.1866,72.9728,Mumbai,Maharashtra,75,51.20692409,5.13,9.977877022,67.38758549,59.75759843,Afternoon,Wednesday,App,Commuter,Level 2
Station_461,Tata Power,Tata Power - Dadar East,"Mujawar Pakhadi Rd, Dadar East, Mumbai",19.0202,72.8447,Mumbai,Maharashtra,101.1029879,7.275443511,0.35,21.06032431,12.88478096,72.45174831,Night,Saturday,"App, RFID, UPI",Commuter,Level 2
Station_68,VoltaPoint,Xavier Institute of Engineering,"Opposite S.L.Raheja Hospital, Mahim Causeway, Mahim (West), Raheja Hospital Marg, Mumbai, Maharashtra",19.04520829,72.84154175,Mumbai,Maharashtra,85,47.19744469,2.01,23.43002275,74.87748788,94.07356949,Night,Friday,"App, RFID, UPI",Casual Driver,Level 1
Station_68,EV Point,Xavier Institute of Engineering,"Opposite S.L.Raheja Hospital, Mahim nCauseway, Mahim (West), Raheja Hospital nMarg, Mumbai, Maharashtra 400016",19.04527839,72.84168159,Mumbai,Maharashtra,85,47.19744469,2.01,23.43002275,74.87748788,94.07356949,Night,Friday,App,Casual Driver,Level 1
Station_409,Tata Power,Tata Power - Colaba,"Colaba Causeway, Near Regal Cinema, Mumbai",18.9216,72.8326,Mumbai,Maharashtra,62,24.40113304,0.78,31.11524448,65.98351537,51.25486777,Afternoon,Tuesday,"App, RFID",Long-Distance Traveler,Level 1
Station_220,EV Dock,EV Dock - Mira Road,"Mira Road East, Thane",19.291,72.8511,Mumbai,Maharashtra,193.0030739,42.74479257,1.06,40.2059876,19.56303216,67.79633548,Evening,Saturday,"App, RFID, UPI",Casual Driver,Level 2
Station_244,Tata Power,Tata Power - Khar West,"Khar Danda Road, Mumbai",19.0756,72.8322,Mumbai,Maharashtra,75,45.90925215,1.74,26.3121504,40.71611726,97.28846478,Night,Tuesday,App,Commuter,Level 2
Station_182,Tata Power,Tata Power - Borivali West,"Indraprastha Mall, Borivali West, Mumbai",19.233,72.8552,Mumbai,Maharashtra,75,8.115370261,14.42669236,26.50712322,22.18992507,99.62809793,Evening,Saturday,"App, RFID",Long-Distance Traveler,DC Fast Charger
Station_197,Kazam,Kazam - Kharghar,"Near Kharghar Station, Navi Mumbai",19.0533,73.0571,Mumbai,Maharashtra,50,21.30857255,0.76,28.04359239,78.29829104,91.7160356,Night,Tuesday,App,Casual Driver,DC Fast Charger
Station_106,Jio-bp Pulse,Kabra Metro One,"14, JP Rd, Aram Nagar, Seven Bunglow, Andheri West",19.13030121,72.82229723,Mumbai,Maharashtra,50,55.30273056,1.48,37.34746081,71.91664638,88.37524194,Morning,Thursday,"App, UPI",Commuter,Level 2
Station_58,Jio-bp Pulse,Charge Zone,"MH | Mumbai | The Westin Mumbai Powai Lake,The Westin Mumbai Powai Lake Kailash Nagar, Morarji Nagar, Powai, Mumbai, Maharashtra 400076",19.133659,72.900817,Mumbai,Maharashtra,7.714516854,36.22941276,3.27,11.09306321,43.35667392,91.94031675,Evening,Monday,"App, Card, RFID",Casual Driver,Level 2
Station_58,Jio-bp Pulse,Charge Zone,"MH | Mumbai | NSCI - Worli,NSCI, Lala Lajpatrai Marg, Lotus Colony, Worli, Mumbai, Maharashtra 400018",18.9862222,72.8149436,Mumbai,Maharashtra,7.714516854,36.22941276,3.27,11.09306321,43.35667392,91.94031675,Evening,Monday,"App, RFID, UPI",Casual Driver,Level 2
Station_78,Jio-bp Pulse,Jio-bp Pulse - Bhandup,"Neptune Magnet Mall, LBS Marg, Bhandup West, Mumbai",19.1485,72.9358,Mumbai,Maharashtra,62,12.35040612,0.28,44.04764539,47.07173173,68.83315695,Night,Wednesday,"App, Card",Long-Distance Traveler,DC Fast Charger
Station_33,Magenta,Evershine Mall Charging Station,"Chincholi Bunder Road, New Link Rd, Malad West, Mumbai, Maharashtra 400064",19.1798,72.8361,Mumbai,Maharashtra,75,68.24465321,1.38,49.3612511,57.9079949,88.30938417,Evening,Wednesday,"App, Card, RFID",Long-Distance Traveler,Level 1
Station_101,Statiq,Statiq - Marol Naka,"Marol Naka Metro Station, Mumbai",19.109,72.8771,Mumbai,Maharashtra,100,6.065161713,0.13,46.62351209,19.64689729,71.19100274,Morning,Sunday,"App, Card, UPI",Long-Distance Traveler,DC Fast Charger
Station_166,Tata Power,Tata Power - Kapasi CHSL,"4/5, Enterprise Apartment, Forjet Hill Rd, Tardeo, Mumbai",18.965,72.8098,Mumbai,Maharashtra,62,41.7666481,1.91,21.83372403,42.35837562,51.49172571,Afternoon,Friday,"App, RFID, UPI",Casual Driver,Level 1
Station_83,Statiq,Statiq - Andheri East,"Andheri East Metro Station, Mumbai",19.1146,72.8696,Mumbai,Maharashtra,81.36841583,57.97765789,8.92,6.499187935,58.308685,63.86610505,Evening,Thursday,"App, Card, UPI",Long-Distance Traveler,DC Fast Charger
Station_182,Fortum,Fortum - Lower Parel,"World Trade Centre One, Lower Parel, Mumbai",19.0012,72.8281,Mumbai,Maharashtra,75,74.10752218,1.62,45.69740275,72.90390529,51.69102216,Evening,Wednesday,"App, Card, RFID",Casual Driver,Level 2
Station_336,Statiq,K Star Chembur,"VN Purav Marg Diamond Garden, Basant Garden, Chembur Mumbai, Maharashtra,Chembur",19.05231631,72.90163581,Mumbai,Maharashtra,50,64.37713244,4.22,15.2565692,15.58695625,98.80776451,Afternoon,Monday,App,Long-Distance Traveler,Level 2
Station_309,Magenta,Magenta ChargeGrid - Mansarovar,"Mansarovar Railway Station, Navi Mumbai",19.0121,73.055,Mumbai,Maharashtra,75,15.5583755,0.35,44.45073085,83.20214245,61.22134406,Morning,Monday,App,Casual Driver,Level 2
Station_146,Volttic,"Inderjit Cars, Andheri West","1059/1060, Adarsh nagar, near infinity mall, Off New Link Road, Andheri West, Mumbai, Maharashtra 400053",19.14207,72.83241,Mumbai,Maharashtra,50,40.7367048,4.13,9.866759209,33.92648682,67.6953312,Night,Friday,"App, Card, RFID",Long-Distance Traveler,DC Fast Charger
Station_226,Magenta,Magenta ChargeGrid - Mumbra,"Near Mumbra Station, Thane",19.1808,72.9836,Mumbai,Maharashtra,62,20.51871405,0.76,27.17353746,83.5904818,159.9889032,Afternoon,Tuesday,"App, Card",Long-Distance Traveler,Level 1
Station_105,Volttic,"Brookfield, Powai","Spectra, High St, Hiranandani Gardens, Powai, Mumbai, Maharashtra 400076",19.11637,72.91086,Mumbai,Maharashtra,62,13.58796474,0.33,40.81172935,67.80447255,58.52581793,Night,Monday,"App, Card, UPI",Commuter,DC Fast Charger
Station_105,Ather,"Brookfield, Powai","Pay & Park, Central Ave, Hiranandani Gardens, Powai, Mumbai, Maharashtra 400076",19.11644,72.90968,Mumbai,Maharashtra,62,13.58796474,0.33,40.81172935,67.80447255,58.52581793,Night,Monday,"App, RFID, UPI",Commuter,DC Fast Charger
Station_260,EV Dock,"Hare Krishna Mahindra, Mulund West","Building, Plot 1, Udyog Kshtra, Mulund Goregaon Link Rd, near D Mart Mulund, Salpa Devi Pada, Mulund West, Mumbai, Maharashtra 400080",19.163979,72.938751,Mumbai,Maharashtra,50,73.37136541,1.61,45.50795122,62.52618043,62.34091279,Afternoon,Wednesday,"App, UPI",Commuter,Level 1
Station_207,Tata Power,Tata Power - Chembur,"Next to Diamond Garden, Chembur, Mumbai",19.0455,72.8996,Mumbai,Maharashtra,75,43.4665651,1.46,29.83758581,41.49585704,54.94247646,Afternoon,Wednesday,"App, RFID",Commuter,Level 2
Station_116,Fortum,MCGM Parking || Runwal Anthurium,"Runwal Anthurium Rd, opposite Veena Nagar, Vardhman Nagar, Mulund West",19.18066617,72.94684724,Mumbai,Maharashtra,85,43.25451714,2.24,19.27803572,16.42986703,85.24212847,Night,Tuesday,"App, RFID",Commuter,Level 1
Station_218,ChargeZone,Tata Power,"Fortune Cars, Navi Mumbai, Plot No. D-400, TTC Industrial Area, MIDC, Near Uran Phata Signal, Nerul, Navi Mumbai, Maharashtra - 400706",19.03639,73.029907,Mumbai,Maharashtra,62,10.24188589,0.35,29.21621369,14.96166964,70.51180081,Evening,Sunday,"App, RFID, UPI",Commuter,DC Fast Charger
Station_218,Ather,Tata Power,"The Taj Mahal Palace, Colaba, In front of Times Building , Apollo Bandar, Colaba, Mumbai, Maharashtra 400001",18.92279506,72.83351898,Mumbai,Maharashtra,62,10.24188589,0.35,29.21621369,14.96166964,70.51180081,Evening,Sunday,App,Commuter,DC Fast Charger
Station_218,ChargeZone,Tata Power,"Seven Hills Hospital, Andheri East, SevenHills Health City, Marol Maroshi Road, Andheri East, Mumbai, Maharashtra 400059",19.118831,72.87823,Mumbai,Maharashtra,62,10.24188589,0.35,29.21621369,14.96166964,70.51180081,Evening,Sunday,"App, Card, UPI",Commuter,DC Fast Charger
Station_218,Volttic,Tata Power,"IOCL Sahara Hospitality, Vile Parle, opp. Domestic Airport, Navpada, Vile Parle East, Vile Parle, Mumbai, Maharashtra 400099",19.094122,72.85223,Mumbai,Maharashtra,62,10.24188589,0.35,29.21621369,14.96166964,70.51180081,Evening,Sunday,"App, RFID, UPI",Commuter,DC Fast Charger
Station_218,Jio-bp Pulse,Tata Power,"CR - Lokmanya Tilak Station, Kurla, Outside Platform 1, Beside LTT Pay and Park, LTT Station, Pipeline Rd, Tilak Nagar, Kurla, Mumbai, Maharashtra 400089",19.068262,72.890964,Mumbai,Maharashtra,62,10.24188589,0.35,29.21621369,14.96166964,70.51180081,Evening,Sunday,"App, Card",Commuter,DC Fast Charger
Station_170,Statiq,Statiq - Santacruz,"Santacruz West, Near Railway Station, Mumbai",19.0803,72.8365,Mumbai,Maharashtra,75,8.918418778,0.55,16.24196336,16.990405,55.82664103,Night,Thursday,"App, Card, UPI",Long-Distance Traveler,Level 1
Station_433,Kazam,Kohinoor MCGM parking,"Kohinoor Square, Kasaravadi, Dadar, Mumbai, Maharashtra",19.02460889,72.84282021,Mumbai,Maharashtra,75,27.00471086,0.58,46.41136085,88.18011162,61.43525686,Morning,Sunday,"App, Card, RFID",Casual Driver,DC Fast Charger
Station_59,Fortum,Fortum - Powai Plaza,"Powai Plaza Mall Parking, Powai, Mumbai",19.1182,72.9053,Mumbai,Maharashtra,50,6.661747206,0.61,10.89013108,83.28204155,65.0062464,Evening,Monday,"App, Card, RFID",Commuter,Level 2
Station_457,Statiq,Statiq - Marol Naka,"Marol Naka Metro Station, Mumbai",19.109,72.8771,Mumbai,Maharashtra,100,53.64842443,1.13,47.29035525,21.45527057,98.16391585,Evening,Saturday,"App, Card, UPI",Commuter,DC Fast Charger
Station_299,Magenta,Magenta ChargeGrid - Mumbra,"Near Mumbra Station, Thane",19.1808,72.9836,Mumbai,Maharashtra,105.2870677,43.4665651,5.35,8.126977133,45.28332178,15.71797517,Evening,Thursday,"App, Card",Long-Distance Traveler,DC Fast Charger
Station_439,Magenta,Magenta ChargeGrid - Malad,"Next to Infinity Mall, New Link Rd, Malad West, Mumbai",19.1736,72.8352,Mumbai,Maharashtra,140.7620616,60.08034819,1.3,46.15424524,37.69074851,93.80110629,Night,Tuesday,"App, Card",Long-Distance Traveler,DC Fast Charger
Station_452,ChargeZone,Tata Power,"Fortune Cars, Navi Mumbai, Plot No. D-400, TTC Industrial Area, MIDC, Near Uran Phata Signal, Nerul, Navi Mumbai, Maharashtra - 400706",19.03639,73.029907,Mumbai,Maharashtra,75,61.56734925,1.49,41.31627182,17.25267949,58.87841174,Evening,Saturday,"App, Card, RFID",Long-Distance Traveler,Level 1
Station_452,Tata Power,Tata Power,"The Taj Mahal Palace, Colaba, In front of Times Building , Apollo Bandar, Colaba, Mumbai, Maharashtra 400001",18.92279506,72.83351898,Mumbai,Maharashtra,75,61.56734925,1.49,41.31627182,17.25267949,58.87841174,Evening,Saturday,"App, RFID",Long-Distance Traveler,Level 1
Station_452,Kazam,Tata Power,"Seven Hills Hospital, Andheri East, SevenHills Health City, Marol Maroshi Road, Andheri East, Mumbai, Maharashtra 400059",19.118831,72.87823,Mumbai,Maharashtra,75,61.56734925,1.49,41.31627182,17.25267949,58.87841174,Evening,Saturday,"App, Card",Long-Distance Traveler,Level 1
Station_452,EV Point,Tata Power,"IOCL Sahara Hospitality, Vile Parle, opp. Domestic Airport, Navpada, Vile Parle East, Vile Parle, Mumbai, Maharashtra 400099",19.094122,72.85223,Mumbai,Maharashtra,75,61.56734925,1.49,41.31627182,17.25267949,58.87841174,Evening,Saturday,"App, Card",Long-Distance Traveler,Level 1
Station_452,ATUM,Tata Power,"CR - Lokmanya Tilak Station, Kurla, Outside Platform 1, Beside LTT Pay and Park, LTT Station, Pipeline Rd, Tilak Nagar, Kurla, Mumbai, Maharashtra 400089",19.068262,72.890964,Mumbai,Maharashtra,75,61.56734925,1.49,41.31627182,17.25267949,58.87841174,Evening,Saturday,"App, RFID",Long-Distance Traveler,Level 1
Station_492,ATUM,ATUM Charge - Panvel,"Opp Panvel Station, Raigad",18.9897,73.1145,Mumbai,Maharashtra,62,22.57288245,0.89,25.29157595,51.55000842,74.1444021,Night,Saturday,"App, Card",Commuter,Level 1
Station_214,EVteQ,"Oberoi Mall, Goregaon","Western Express Hwy, Yashodham, Goregaon, Mumbai, Maharashtra 400063",19.1737611,72.8600172,Mumbai,Maharashtra,62,51.49234638,1.46,35.21951804,62.12237483,81.29379863,Night,Tuesday,App,Long-Distance Traveler,Level 1
Station_124,Ather,Ather Grid - Hiranandani,"Hiranandani Gardens, Powai, Mumbai",19.1206,72.9188,Mumbai,Maharashtra,75,44.76974192,2.17,20.59023558,64.11014685,90.55214709,Evening,Saturday,App,Commuter,Level 2
Station_305,ChargeZone,ChargeZone - Dahisar,"Dahisar East Station, Mumbai",19.2505,72.8591,Mumbai,Maharashtra,75,38.21376481,1.06,35.89219701,88.2564163,73.26212814,Morning,Sunday,"App, Card, UPI",Long-Distance Traveler,DC Fast Charger
Station_44,Magenta,Magenta Charging Station (Parel),"Station Rd, Parel East, Parel, Mumbai 400014",19.0079,72.8425,Mumbai,Maharashtra,75,40.25719688,2.24,17.94739459,28.84132949,85.27530271,Afternoon,Friday,"App, Card, UPI",Long-Distance Traveler,Level 2
Station_415,ATUM,ATUM Charge - Borivali,"Borivali West, Mumbai",19.2298,72.8606,Mumbai,Maharashtra,62,51.20288963,1.13,45.19091647,75.55734012,56.56750424,Afternoon,Friday,"App, Card",Commuter,DC Fast Charger
Station_145,ChargeZone,ChargeZone - Dahisar,"Dahisar East Station, Mumbai",19.2505,72.8591,Mumbai,Maharashtra,62,77.45420996,2.63,29.41340669,80.65255109,90.08739344,Afternoon,Tuesday,"App, Card, UPI",Long-Distance Traveler,Level 1
Station_333,Kazam,Kazam - Kharghar,"Near Kharghar Station, Navi Mumbai",19.0533,73.0571,Mumbai,Maharashtra,88.86922407,20.17078858,0.5,40.42078196,31.5569263,97.82793195,Morning,Sunday,App,Commuter,DC Fast Charger
Station_356,Tata Power,Tata Power - Mahanagar Gas,"MGL Terminal, Opposite Anik Depot, Wadala, Mumbai",19.0281,72.8647,Mumbai,Maharashtra,100,39.93276466,0.81,49.11660927,43.60824251,54.32016802,Morning,Sunday,App,Commuter,DC Fast Charger
Station_34,VoltaPoint,Tata Power,"Fortune Cars, Navi Mumbai, Plot No. D-400, TTC Industrial Area, MIDC, Near Uran Phata Signal, Nerul, Navi Mumbai, Maharashtra - 400706",19.03639,73.029907,Mumbai,Maharashtra,50,6.268235994,6.385988648,26.50712322,65.99350199,140.3830477,Night,Friday,"App, RFID",Commuter,Level 1
Station_34,Statiq,Tata Power,"The Taj Mahal Palace, Colaba, In front of Times Building , Apollo Bandar, Colaba, Mumbai, Maharashtra 400001",18.92279506,72.83351898,Mumbai,Maharashtra,50,6.268235994,9.358943706,26.50712322,65.99350199,140.3830477,Night,Friday,"App, Card",Commuter,Level 1
Station_34,Fortum,Tata Power,"Seven Hills Hospital, Andheri East, SevenHills Health City, Marol Maroshi Road, Andheri East, Mumbai, Maharashtra 400059",19.118831,72.87823,Mumbai,Maharashtra,50,6.268235994,11.08500698,26.50712322,65.99350199,140.3830477,Night,Friday,"App, RFID",Commuter,Level 1
Station_34,EV Point,Tata Power,"IOCL Sahara Hospitality, Vile Parle, opp. Domestic Airport, Navpada, Vile Parle East, Vile Parle, Mumbai, Maharashtra 400099",19.094122,72.85223,Mumbai,Maharashtra,50,6.268235994,8.231092259,26.50712322,65.99350199,140.3830477,Night,Friday,"App, RFID, UPI",Commuter,Level 1
Station_34,ATUM,Tata Power,"CR - Lokmanya Tilak Station, Kurla, Outside Platform 1, Beside LTT Pay and Park, LTT Station, Pipeline Rd, Tilak Nagar, Kurla, Mumbai, Maharashtra 400089",19.068262,72.890964,Mumbai,Maharashtra,50,6.268235994,14.5765951,26.50712322,65.99350199,140.3830477,Night,Friday,"App, UPI",Commuter,Level 1
Station_42,Tata Power,Tata Power - Opera House,"Charni Road East, Mumbai",18.9545,72.8189,Mumbai,Maharashtra,62,20.84637782,0.78,26.57781476,61.83352377,85.03607837,Night,Friday,"App, RFID, UPI",Long-Distance Traveler,DC Fast Charger
Station_358,Tata Power,Tata Power - Opera House,"Charni Road East, Mumbai",18.9545,72.8189,Mumbai,Maharashtra,50,37.61011503,1.79,21.06766867,30.60283602,101.9051814,Night,Saturday,"App, RFID, UPI",Commuter,DC Fast Charger
Station_475,ATUM,ATUM Charge - Panvel,"Opp Panvel Station, Raigad",18.9897,73.1145,Mumbai,Maharashtra,100,38.00957724,5.77,6.590228457,48.29442034,98.25239499,Evening,Sunday,"App, Card",Commuter,DC Fast Charger
Station_405,Tata Power,Tata Power - Cotton Green,"Cotton Green Railyard, Mumbai",18.991,72.8485,Mumbai,Maharashtra,62,10.33664419,1.847528978,26.50712322,32.98603195,84.16649568,Evening,Saturday,App,Long-Distance Traveler,DC Fast Charger
Station_78,EV Dock,"Tata Power, Dharavi Colony","Tata Power Dharavi Colony labour camp dharavi ,Matunga ,Mumbai 400019",19.034402,72.85284,Mumbai,Maharashtra,75,37.11856726,4.27,8.690646596,39.79613148,91.68222793,Evening,Monday,"App, RFID, UPI",Casual Driver,Level 2
Station_49,Magenta,MCGM Parking || Club Aquaria,"Devidas Lane, Shanti Ashram Borivali West, Near St.Lawrence High School, Mumbai, Maharashtra ,Borivali",19.2402364,72.8481819,Mumbai,Maharashtra,50,45.6603132,1.12,40.67941804,67.90524191,65.2365877,Evening,Wednesday,"App, UPI",Long-Distance Traveler,Level 2
Station_308,Ather,Charge Zone,"MH | Mumbai | The Westin Mumbai Powai Lake,The Westin Mumbai Powai Lake Kailash Nagar, Morarji Nagar, Powai, Mumbai, Maharashtra 400076",19.133659,72.900817,Mumbai,Maharashtra,50,58.74152298,2.95,19.94270235,19.42640523,59.51725759,Night,Wednesday,"App, Card",Long-Distance Traveler,DC Fast Charger
Station_308,ATUM,Charge Zone,"MH | Mumbai | NSCI - Worli,NSCI, Lala Lajpatrai Marg, Lotus Colony, Worli, Mumbai, Maharashtra 400018",18.9862222,72.8149436,Mumbai,Maharashtra,50,58.74152298,2.95,19.94270235,19.42640523,59.51725759,Night,Wednesday,"App, UPI",Long-Distance Traveler,DC Fast Charger
Station_141,EVteQ,EVteQ - Vikhroli,"Vikhroli East, Mumbai",19.0984,72.9262,Mumbai,Maharashtra,62,33.47231506,0.77,43.48176399,76.46236262,81.41249705,Afternoon,Wednesday,"App, Card",Long-Distance Traveler,Level 2
Station_108,Kazam,Kazam - Kurla,"Nehru Nagar, Near Kurla Station, Mumbai",19.0731,72.8828,Mumbai,Maharashtra,100,72.08924277,9.62,7.494575511,22.9005078,94.20825519,Night,Friday,App,Long-Distance Traveler,Level 1
Station_312,Volttic,Tata Power,"Fortune Cars, Navi Mumbai, Plot No. D-400, TTC Industrial Area, MIDC, Near Uran Phata Signal, Nerul, Navi Mumbai, Maharashtra - 400706",19.03639,73.029907,Mumbai,Maharashtra,50,45.81366157,2.64,17.3546406,68.43411849,86.79517154,Night,Saturday,"App, RFID",Long-Distance Traveler,DC Fast Charger
Station_312,Jio-bp Pulse,Tata Power,"The Taj Mahal Palace, Colaba, In front of Times Building , Apollo Bandar, Colaba, Mumbai, Maharashtra 400001",18.92279506,72.83351898,Mumbai,Maharashtra,50,45.81366157,2.64,17.3546406,68.43411849,86.79517154,Night,Saturday,"App, RFID, UPI",Long-Distance Traveler,DC Fast Charger
Station_312,EV Point,Tata Power,"Seven Hills Hospital, Andheri East, SevenHills Health City, Marol Maroshi Road, Andheri East, Mumbai, Maharashtra 400059",19.118831,72.87823,Mumbai,Maharashtra,50,45.81366157,2.64,17.3546406,68.43411849,86.79517154,Night,Saturday,"App, RFID, UPI",Long-Distance Traveler,DC Fast Charger
Station_312,ChargeZone,Tata Power,"IOCL Sahara Hospitality, Vile Parle, opp. Domestic Airport, Navpada, Vile Parle East, Vile Parle, Mumbai, Maharashtra 400099",19.094122,72.85223,Mumbai,Maharashtra,50,45.81366157,2.64,17.3546406,68.43411849,86.79517154,Night,Saturday,"App, Card, RFID",Long-Distance Traveler,DC Fast Charger
Station_312,Ather,Tata Power,"CR - Lokmanya Tilak Station, Kurla, Outside Platform 1, Beside LTT Pay and Park, LTT Station, Pipeline Rd, Tilak Nagar, Kurla, Mumbai, Maharashtra 400089",19.068262,72.890964,Mumbai,Maharashtra,50,45.81366157,2.64,17.3546406,68.43411849,86.79517154,Night,Saturday,"App, UPI",Long-Distance Traveler,DC Fast Charger
Station_182,EV Dock,Kohinoor Altissimo Residential Tower,"Kohinoor Altissimo Residential Tower, Kohinoor Altissimo, Kasaravadi, Dadar, Mumbai, Maharashtra 400028",19.0246,72.8402,Mumbai,Maharashtra,62,75.52338507,3.03,24.8909192,82.5448484,70.70118042,Afternoon,Monday,"App, Card",Long-Distance Traveler,DC Fast Charger
Station_57,Magenta,Magenta ChargeGrid - Worli,"Atria Mall, Dr Annie Besant Rd, Worli, Mumbai",19.0085,72.8153,Mumbai,Maharashtra,100,77.63851677,9.55,8.125454971,23.24454737,94.69156133,Morning,Saturday,"App, Card",Commuter,Level 2
Station_193,ATUM,ATUM Charge (Malad),"95, Malad, Viaykar Vadi, Malad West, Mumbai 400064",19.1876,72.8436,Mumbai,Maharashtra,75,53.9569817,3.02,17.87474459,89.97564875,95.03577021,Night,Monday,"App, Card, UPI",Long-Distance Traveler,Level 2
Station_227,Volttic,Volttic - Mumbai Central,"Mumbai Central Station Parking, Mumbai",18.9692,72.8195,Mumbai,Maharashtra,85,46.61987333,6.31,7.388686338,70.09449292,59.04290083,Morning,Friday,App,Long-Distance Traveler,DC Fast Charger
Station_153,Volttic,Volttic Mini Charging,"Saki Vihar Rd, Near Saki Naka Metro, Andheri East, Mumbai",19.1265,72.8874,Mumbai,Maharashtra,50,6.443672289,0.43,14.99241844,81.59731029,84.92637815,Night,Tuesday,App,Long-Distance Traveler,Level 1
Station_436,EVteQ,Tata Power,"Fortune Cars, Navi Mumbai, Plot No. D-400, TTC Industrial Area, MIDC, Near Uran Phata Signal, Nerul, Navi Mumbai, Maharashtra - 400706",19.03639,73.029907,Mumbai,Maharashtra,50,62.04623037,3.34,18.56265579,88.3912258,77.93392383,Afternoon,Sunday,App,Casual Driver,DC Fast Charger
Station_436,Fortum,Tata Power,"The Taj Mahal Palace, Colaba, In front of Times Building , Apollo Bandar, Colaba, Mumbai, Maharashtra 400001",18.92279506,72.83351898,Mumbai,Maharashtra,50,62.04623037,3.34,18.56265579,88.3912258,77.93392383,Afternoon,Sunday,"App, RFID, UPI",Casual Driver,DC Fast Charger
Station_436,EV Dock,Tata Power,"Seven Hills Hospital, Andheri East, SevenHills Health City, Marol Maroshi Road, Andheri East, Mumbai, Maharashtra 400059",19.118831,72.87823,Mumbai,Maharashtra,50,62.04623037,3.34,18.56265579,88.3912258,77.93392383,Afternoon,Sunday,App,Casual Driver,DC Fast Charger
Station_436,Kazam,Tata Power,"IOCL Sahara Hospitality, Vile Parle, opp. Domestic Airport, Navpada, Vile Parle East, Vile Parle, Mumbai, Maharashtra 400099",19.094122,72.85223,Mumbai,Maharashtra,50,62.04623037,3.34,18.56265579,88.3912258,77.93392383,Afternoon,Sunday,"App, UPI",Casual Driver,DC Fast Charger
Station_436,Jio-bp Pulse,Tata Power,"CR - Lokmanya Tilak Station, Kurla, Outside Platform 1, Beside LTT Pay and Park, LTT Station, Pipeline Rd, Tilak Nagar, Kurla, Mumbai, Maharashtra 400089",19.068262,72.890964,Mumbai,Maharashtra,50,62.04623037,3.34,18.56265579,88.3912258,77.93392383,Afternoon,Sunday,"App, Card, UPI",Casual Driver,DC Fast Charger
Station_471,Magenta,Charge Zone,"MH | Mumbai | The Westin Mumbai Powai Lake,The Westin Mumbai Powai Lake Kailash Nagar, Morarji Nagar, Powai, Mumbai, Maharashtra 400076",19.133659,72.900817,Mumbai,Maharashtra,100,71.70850688,1.85,38.79607655,12.2234232,77.41334734,Afternoon,Saturday,"App, Card, UPI",Casual Driver,Level 1
Station_471,VoltaPoint,Charge Zone,"MH | Mumbai | NSCI - Worli,NSCI, Lala Lajpatrai Marg, Lotus Colony, Worli, Mumbai, Maharashtra 400018",18.9862222,72.8149436,Mumbai,Maharashtra,100,71.70850688,1.85,38.79607655,12.2234232,77.41334734,Afternoon,Saturday,"App, RFID, UPI",Casual Driver,Level 1
Station_211,Jio-bp Pulse,Jio-bp Pulse - Kolshet,"Kolshet Road, Thane West",19.2587,72.9773,Mumbai,Maharashtra,85,44.01595166,1.16,38.10527791,73.34621767,78.15992983,Afternoon,Saturday,App,Casual Driver,Level 2
Station_329,Fortum,Fortum - Powai Plaza,"Powai Plaza Mall Parking, Powai, Mumbai",19.1182,72.9053,Mumbai,Maharashtra,60.65969098,66.09153403,1.76,37.60056306,42.30136724,70.72631713,Evening,Tuesday,"App, Card, RFID",Casual Driver,Level 2
Station_63,Jio-bp Pulse,Jio-bp Pulse - Napean Sea Road,"Priyadarshini Park, Mumbai",18.9636,72.8019,Mumbai,Maharashtra,50,44.88676331,1.55,28.9773945,81.95826164,70.54283762,Morning,Tuesday,App,Long-Distance Traveler,DC Fast Charger
Station_62,Statiq,Statiq - Bandra Kurla Complex,"Next to Bharat Diamond Bourse, BKC, Mumbai",19.0588,72.8703,Mumbai,Maharashtra,100,58.94085857,1.35,43.7022121,82.3603313,92.03577294,Night,Saturday,"App, Card",Long-Distance Traveler,Level 2
Station_100,VoltaPoint,VoltaPoint Charging Station,"527, Building No-2, SRA Cooperative Society, Prabhadevi, near Ahuja Towers, Mumbai",19.0161,72.828,Mumbai,Maharashtra,109.7951283,10.03981781,21.04018412,26.50712322,35.98360523,70.68328884,Evening,Monday,App,Long-Distance Traveler,Level 1
Station_17,Magenta,"IOCL Kini Causway, Bandra","36, SV Rd, Santosh Nagar, Bandra West, Mumbai, Maharashtra 400050",19.051601,72.838011,Mumbai,Maharashtra,85,29.75838484,1.01,29.38504741,10.81390545,36.54836012,Morning,Sunday,"App, RFID, UPI",Casual Driver,DC Fast Charger
Station_325,Magenta,Kohinoor MCGM parking,"Kohinoor Square, Kasaravadi, Dadar, Mumbai, Maharashtra",19.02460889,72.84282021,Mumbai,Maharashtra,75,69.59647496,4.68,14.86068898,60.63891762,73.00925296,Afternoon,Tuesday,"App, Card, UPI",Long-Distance Traveler,DC Fast Charger
Station_246,VoltaPoint,HP Super Service DC Charging Station,"157, Jeevan Bima Marg, Backbay Reclamation, Churchgate, Mumbai, Maharashtra 400020, India",18.9285,72.8255,Mumbai,Maharashtra,100,8.234584116,0.19,43.81287256,23.35890824,97.66158482,Morning,Sunday,"App, Card, RFID",Commuter,Level 2
Station_196,Magenta,HOTEL REDWINGS CASTLE,"Near to Orion Mall/ New Panvel Bridge, Old, Mumbai - Pune Expy,",18.99453515,73.11513242,Mumbai,Maharashtra,62,40.78700348,3.7,11.03185075,68.76134194,55.14615868,Morning,Thursday,"App, Card, RFID",Long-Distance Traveler,Level 1
Station_325,Tata Power,Tata Power - Chembur,"Next to Diamond Garden, Chembur, Mumbai",19.0455,72.8996,Mumbai,Maharashtra,82.66681121,18.79049305,0.49,38.26182989,41.7717522,67.06652609,Evening,Monday,"App, RFID",Long-Distance Traveler,Level 2
Station_57,EVteQ,Masstech controls Pvt ltd,"2/7 Meghal Industrial Estate, Devidayal Road, Mulund West, Mumbai, Maharashtra 400080",19.17674569,72.94574801,Mumbai,Maharashtra,85,34.89511327,7.15,4.881436199,61.53265078,89.00103781,Afternoon,Friday,"App, RFID, UPI",Casual Driver,Level 1
Station_286,Tata Power,Tata Power - Gateway of India,"Apollo Bunder Road, Colaba, Mumbai",18.9218,72.8347,Mumbai,Maharashtra,78.43167082,38.08536377,23.01,1.654937068,11.83050192,97.6297836,Evening,Saturday,"App, RFID",Long-Distance Traveler,Level 1
Station_279,ChargeZone,ChargeZone - Mulund,"LBS Marg, Near Mulund Station, Mulund West, Mumbai",19.1726,72.9532,Mumbai,Maharashtra,85,68.56767861,4.16,16.475471,68.27370384,93.5739471,Afternoon,Saturday,"App, UPI",Casual Driver,Level 1
Station_408,Magenta,Magenta ChargeGrid - Bhandup,"LBS Marg, Near Bhandup Station, Mumbai",19.1547,72.9346,Mumbai,Maharashtra,75,59.76831247,1.7,35.05498942,81.95499699,59.94650611,Evening,Monday,"App, Card",Long-Distance Traveler,Level 2
Station_188,ChargeZone,Phoenix Market City Charging Station,"Entrance Gate 3, Phoenix Market City, Lal Bahadur Shastri Rd, Kurla West, Mumbai",19.0751,72.8893,Mumbai,Maharashtra,62,36.70152016,1.92,19.12193264,26.34819844,95.16288707,Evening,Sunday,"App, Card, UPI",Casual Driver,Level 1
Station_76,Magenta,Magenta ChargeGrid - Trombay,"Anushakti Nagar, Trombay, Mumbai",19.037,72.9235,Mumbai,Maharashtra,75,15.72955117,0.41,38.31515901,10.87427192,80.29223804,Morning,Friday,App,Long-Distance Traveler,Level 2
Station_148,Magenta,Magenta ChargeGrid - Taloja,"Taloja MIDC, Navi Mumbai",19.0378,73.1318,Mumbai,Maharashtra,85,34.07799973,2.71,12.59762021,70.12447702,61.59652123,Night,Monday,"App, Card",Commuter,Level 1
Station_315,Magenta,Magenta ChargeGrid - Bhayandar,"Bhayandar West Station Parking, Mumbai",19.3134,72.8476,Mumbai,Maharashtra,50,23.19329022,0.73,31.98319246,72.88118471,86.93554787,Night,Sunday,App,Casual Driver,Level 1
Station_380,ChargeZone,ChargeZone - Dahisar,"Dahisar East Station, Mumbai",19.2505,72.8591,Mumbai,Maharashtra,75,9.206012695,0.19,47.65616728,25.18431669,80.23578041,Afternoon,Friday,"App, Card, UPI",Commuter,Level 2
Station_342,Ather,"Inderjit Cars, Andheri West","1059/1060, Adarsh nagar, near infinity mall, Off New Link Road, Andheri West, Mumbai, Maharashtra 400053",19.14207,72.83241,Mumbai,Maharashtra,100,56.1150925,10.22,5.488039505,22.3498793,80.08848452,Morning,Wednesday,App,Commuter,Level 1
Station_146,Tata Power,Tata Power - Vikhroli,"Near Vikhroli Station East, Mumbai",19.106,72.9286,Mumbai,Maharashtra,50,15.89873423,0.39,40.44452193,46.21839949,60.72812099,Evening,Saturday,"App, RFID, UPI",Long-Distance Traveler,Level 1
Station_368,Ather,Ather Grid - Bandra West,"Linking Road, Opp National College, Bandra West, Mumbai",19.0618,72.833,Mumbai,Maharashtra,85,41.15701391,0.89,46.12968887,31.46784538,77.45210904,Morning,Friday,App,Casual Driver,Level 2
Station_27,EVteQ,EVteQ - Malad,"Malad West, Mumbai",19.1851,72.8388,Mumbai,Maharashtra,62,90.23550358,18.64,4.841450613,70.55201083,50.51807735,Afternoon,Saturday,App,Long-Distance Traveler,Level 1
Station_220,EVteQ,EVteQ - Sakinaka,"Sakinaka Junction, Andheri East, Mumbai",19.102,72.8872,Mumbai,Maharashtra,62,18.10247227,0.44,41.55273261,33.30088316,99.70093459,Night,Tuesday,"App, Card, UPI",Casual Driver,DC Fast Charger
Station_72,Kazam,Carnival Cinemas Imax,"Carnival Cinemas Imax, Anik Wadala Link Rd, Bhakti Park, Wadala, Mumbai, Maharashtra ,Worli",19.0313299,72.8809653,Mumbai,Maharashtra,62,79.97267191,2.13,37.46218915,75.82897475,67.97645022,Morning,Sunday,"App, Card, RFID",Casual Driver,Level 1
Station_310,Tata Power,"Inderjit Cars, Andheri West","1059/1060, Adarsh nagar, near infinity mall, Off New Link Road, Andheri West, Mumbai, Maharashtra 400053",19.14207,72.83241,Mumbai,Maharashtra,50,5.163807088,0.98,5.265203285,32.17142733,56.72395742,Night,Monday,App,Casual Driver,DC Fast Charger
Station_200,Tata Power,Evershine Mall Charging Station,"Chincholi Bunder Road, New Link Rd, Malad West, Mumbai, Maharashtra 400064",19.1798,72.8361,Mumbai,Maharashtra,85,45.45344885,1.61,28.19404206,18.30616688,66.42847642,Night,Sunday,"App, Card, UPI",Commuter,DC Fast Charger
Station_35,ATUM,ATUM Charge - Borivali,"Borivali West, Mumbai",19.2298,72.8606,Mumbai,Maharashtra,75,59.16864336,3.89,15.22251353,50.51010597,68.59776437,Afternoon,Thursday,"App, Card",Long-Distance Traveler,DC Fast Charger
Station_158,Magenta,Magenta ChargeGrid - Bandra Kurla Complex 2,"Maker Maxity, BKC, Mumbai",19.058,72.8675,Mumbai,Maharashtra,100,77.12500791,1.96,39.42909617,62.32264056,81.40719887,Morning,Friday,App,Casual Driver,Level 1
Station_4,Statiq,"Tata Power, Dharavi Colony","Tata Power Dharavi Colony labour camp dharavi ,Matunga ,Mumbai 400019",19.034402,72.85284,Mumbai,Maharashtra,100,8.28243854,0.75,11.01799661,76.66998194,62.00647452,Morning,Sunday,"App, RFID",Commuter,DC Fast Charger
Station_88,Kazam,Lifeon Industries,"D298, TTC Industrial area, turbhe",19.06895357,73.02251015,Mumbai,Maharashtra,100,27.70606779,0.61,45.32674459,46.48302919,98.62734402,Afternoon,Tuesday,App,Commuter,Level 1
Station_108,Fortum,Xavier Institute of Engineering,"Opposite S.L.Raheja Hospital, Mahim Causeway, Mahim (West), Raheja Hospital Marg, Mumbai, Maharashtra",19.04520829,72.84154175,Mumbai,Maharashtra,50,5.755524649,0.15,39.1270254,63.6155687,73.80735045,Evening,Monday,"App, RFID",Commuter,DC Fast Charger
Station_108,EV Point,Xavier Institute of Engineering,"Opposite S.L.Raheja Hospital, Mahim nCauseway, Mahim (West), Raheja Hospital nMarg, Mumbai, Maharashtra 400016",19.04527839,72.84168159,Mumbai,Maharashtra,50,5.755524649,0.15,39.1270254,63.6155687,73.80735045,Evening,Monday,"App, Card, RFID",Commuter,DC Fast Charger
Station_380,Magenta,Magenta ChargeGrid - Malad,"Next to Infinity Mall, New Link Rd, Malad West, Mumbai",19.1736,72.8352,Mumbai,Maharashtra,100,9.206012695,0.62,14.83291702,46.60793046,66.14678806,Morning,Thursday,"App, Card",Casual Driver,DC Fast Charger
Station_450,Volttic,"Oberoi Mall, Goregaon","Western Express Hwy, Yashodham, Goregaon, Mumbai, Maharashtra 400063",19.1737611,72.8600172,Mumbai,Maharashtra,75,72.94073166,5.28,13.82503559,44.08631935,61.93725052,Night,Friday,"App, RFID",Casual Driver,DC Fast Charger
Station_108,EVteQ,EVteQ - Sakinaka,"Sakinaka Junction, Andheri East, Mumbai",19.102,72.8872,Mumbai,Maharashtra,50,47.49433927,2.19,21.67222574,58.68736693,84.96009646,Afternoon,Saturday,"App, Card, UPI",Casual Driver,DC Fast Charger
Station_162,Tata Power,Tata Power - Byculla,"Rani Baug Entrance, Byculla East, Mumbai",18.9788,72.8337,Mumbai,Maharashtra,86.71809382,61.63104966,3.02,20.39119229,23.35781808,96.40888301,Night,Wednesday,"App, RFID, UPI",Long-Distance Traveler,Level 1
Station_357,Magenta,Tata Power,"Fortune Cars, Navi Mumbai, Plot No. D-400, TTC Industrial Area, MIDC, Near Uran Phata Signal, Nerul, Navi Mumbai, Maharashtra - 400706",19.03639,73.029907,Mumbai,Maharashtra,75,77.63234569,6.94,11.17901456,54.6438593,58.01818478,Evening,Friday,"App, RFID",Commuter,DC Fast Charger
Station_357,Jio-bp Pulse,Tata Power,"The Taj Mahal Palace, Colaba, In front of Times Building , Apollo Bandar, Colaba, Mumbai, Maharashtra 400001",18.92279506,72.83351898,Mumbai,Maharashtra,75,77.63234569,6.94,11.17901456,54.6438593,58.01818478,Evening,Friday,"App, Card, UPI",Commuter,DC Fast Charger
Station_357,EV Dock,Tata Power,"Seven Hills Hospital, Andheri East, SevenHills Health City, Marol Maroshi Road, Andheri East, Mumbai, Maharashtra 400059",19.118831,72.87823,Mumbai,Maharashtra,75,77.63234569,6.94,11.17901456,54.6438593,58.01818478,Evening,Friday,"App, RFID, UPI",Commuter,DC Fast Charger
Station_357,VoltaPoint,Tata Power,"IOCL Sahara Hospitality, Vile Parle, opp. Domestic Airport, Navpada, Vile Parle East, Vile Parle, Mumbai, Maharashtra 400099",19.094122,72.85223,Mumbai,Maharashtra,75,77.63234569,6.94,11.17901456,54.6438593,58.01818478,Evening,Friday,"App, RFID",Commuter,DC Fast Charger
Station_357,VoltaPoint,Tata Power,"CR - Lokmanya Tilak Station, Kurla, Outside Platform 1, Beside LTT Pay and Park, LTT Station, Pipeline Rd, Tilak Nagar, Kurla, Mumbai, Maharashtra 400089",19.068262,72.890964,Mumbai,Maharashtra,75,77.63234569,6.94,11.17901456,54.6438593,58.01818478,Evening,Friday,"App, Card, RFID",Commuter,DC Fast Charger
Station_145,Tata Power,Tata Power - New Panvel,"Panvel Railway Station East, Navi Mumbai",18.9907,73.1195,Mumbai,Maharashtra,54.03223627,21.27074191,0.53,40.17685077,23.97110918,90.94302581,Morning,Saturday,App,Commuter,DC Fast Charger
Station_376,Magenta,Vasant oasis,"Borosil Plot,off, Makwana Rd, Marol, Andheri East, Mumbai, Maharashtra",19.1146146,72.8840941,Mumbai,Maharashtra,50,12.89314236,0.74,17.34136646,78.39287123,78.81590749,Morning,Wednesday,"App, Card, RFID",Casual Driver,Level 2
Station_231,Fortum,Fortum - Lower Parel,"World Trade Centre One, Lower Parel, Mumbai",19.0012,72.8281,Mumbai,Maharashtra,62,43.4665651,1.19,36.60130618,76.9602295,83.75662148,Night,Wednesday,"App, Card, RFID",Commuter,Level 1
Station_393,ATUM,ATUM Charge - Santacruz,"Santacruz West, Next to Railway Station, Mumbai",19.0815,72.8367,Mumbai,Maharashtra,50,43.12603812,7.48,5.766635774,69.61870824,77.39673449,Morning,Friday,"App, Card",Commuter,Level 2
Station_24,Magenta,Magenta ChargeGrid - Ghatkopar,"Near Ghatkopar Metro Station, Ghatkopar West, Mumbai",19.0864,72.9085,Mumbai,Maharashtra,62,11.32191413,0.28,39.95811626,59.77588685,53.00916603,Morning,Saturday,"App, Card",Long-Distance Traveler,Level 1
Station_486,Volttic,Volttic Charging - Marol,"Marol Naka Metro Station, Andheri East, Mumbai",19.1112,72.874,Mumbai,Maharashtra,50,26.58671022,1.09,24.45076324,77.97541226,91.45202017,Afternoon,Tuesday,"App, Card",Long-Distance Traveler,Level 1
Station_259,EVteQ,EVteQ - Sakinaka,"Sakinaka Junction, Andheri East, Mumbai",19.102,72.8872,Mumbai,Maharashtra,75,5.892835164,0.14,40.77682699,12.90517915,57.54316927,Afternoon,Saturday,"App, Card, UPI",Commuter,Level 2
Station_296,Kazam,"Brookfield, Powai","Spectra, High St, Hiranandani Gardens, Powai, Mumbai, Maharashtra 400076",19.11637,72.91086,Mumbai,Maharashtra,100,47.67827375,1.26,37.74994618,75.29020927,67.25319331,Night,Monday,"App, Card, UPI",Long-Distance Traveler,Level 1
Station_296,EV Point,"Brookfield, Powai","Pay & Park, Central Ave, Hiranandani Gardens, Powai, Mumbai, Maharashtra 400076",19.11644,72.90968,Mumbai,Maharashtra,100,47.67827375,1.26,37.74994618,75.29020927,67.25319331,Night,Monday,"App, RFID, UPI",Long-Distance Traveler,Level 1
Station_302,Tata Power,Tata Power - Mankhurd,"Mankhurd Railway Station, Mumbai",19.0498,72.9317,Mumbai,Maharashtra,75,61.11752874,1.64,37.24649566,19.89094139,62.23223391,Evening,Monday,App,Commuter,Level 2
Station_273,Magenta,Magenta ChargeGrid - CST,"Chhatrapati Shivaji Maharaj Terminus Parking, Fort, Mumbai",18.9398,72.8354,Mumbai,Maharashtra,62,26.44403312,0.98,27.1214299,63.48160387,80.47775508,Morning,Sunday,"App, Card",Commuter,Level 1
Station_420,ChargeZone,MCGM Parking || Club Aquaria,"Devidas Lane, Shanti Ashram Borivali West, Near St.Lawrence High School, Mumbai, Maharashtra ,Borivali",19.2402364,72.8481819,Mumbai,Maharashtra,100,42.0179595,3.16,13.30298668,55.03840485,70.45005705,Afternoon,Wednesday,"App, Card, UPI",Long-Distance Traveler,DC Fast Charger
Station_249,Kazam,Kazam - Vasai,"Vasai West, Palghar",19.3919,72.833,Mumbai,Maharashtra,50,28.80292498,0.63,45.51884431,73.6868557,81.23277626,Night,Friday,"App, Card",Casual Driver,DC Fast Charger
Station_180,VoltaPoint,VoltaPoint - Kalamboli Highway,"Kalamboli Steel Market Junction, Navi Mumbai",19.0543,73.1153,Mumbai,Maharashtra,100,85.03985431,3.18,26.7265968,32.36280196,55.98865792,Evening,Sunday,App,Casual Driver,Level 1
Station_66,Tata Power,Moiz Apartments,"12th Road, Above Upadhyaya Nursing Home, Santacruz East, Mumbai, Maharashtra",19.0737,72.857,Mumbai,Maharashtra,50,47.76784734,1.45,32.99434153,13.70945351,97.58940532,Night,Thursday,"App, UPI",Long-Distance Traveler,Level 1
Station_308,Statiq,Statiq - Parel,"Phoenix Mills Compound, Lower Parel, Mumbai",19.0029,72.824,Mumbai,Maharashtra,62,57.45442117,1.61,35.73022937,32.34187153,89.61714559,Morning,Sunday,"App, Card, UPI",Casual Driver,Level 2
Station_171,EV Point,EV Point - Navi Mumbai,"Plot 1, Sector 21, Nerul, Navi Mumbai",19.0337,73.0204,Mumbai,Maharashtra,50,49.53480946,1.18,42.13698966,79.74068238,53.90525935,Night,Sunday,"App, Card",Casual Driver,DC Fast Charger
Station_107,Fortum,Fortum - Lower Parel,"World Trade Centre One, Lower Parel, Mumbai",19.0012,72.8281,Mumbai,Maharashtra,62,8.315805795,0.71,11.73724408,38.55338957,56.84768446,Morning,Tuesday,"App, Card, RFID",Long-Distance Traveler,Level 2
Station_439,Magenta,Magenta ChargeGrid - Chembur,"RB Mehta Marg, Chembur East, Mumbai",19.0546,72.9047,Mumbai,Maharashtra,50,10.18500019,0.34,29.83066536,63.63470753,22.88625804,Evening,Monday,"App, Card",Commuter,Level 1
Station_442,ChargeZone,Blue Tokai Coffee,"Unit 20-22, Laxmi Woollen Mill, Opposite Blue Loft, Dr E Moses Marg, Off, Shakti Mills Ln, Mahalakshmi, Mumbai",18.989356,72.825234,Mumbai,Maharashtra,85,21.7953825,0.58,37.7362187,55.13436223,68.54740388,Night,Saturday,"App, RFID, UPI",Long-Distance Traveler,Level 2
Station_103,Jio-bp Pulse,"IOCL Kini Causway, Bandra","36, SV Rd, Santosh Nagar, Bandra West, Mumbai, Maharashtra 400050",19.051601,72.838011,Mumbai,Maharashtra,81.06203029,43.4665651,3.22,13.48724207,83.09120694,76.50122128,Morning,Friday,"App, RFID, UPI",Long-Distance Traveler,Level 1
Station_13,Kazam,Kazam - Thane,"Eastern Express Hwy, Near Viviana Mall, Thane, Mumbai",19.1866,72.9728,Mumbai,Maharashtra,50,74.27670058,2.96,25.07354432,41.34406167,50.41234126,Night,Tuesday,App,Commuter,Level 2
Station_120,Statiq,"Godrej One, Vikhroli","4 Wheeler Parking area Godrej One Pirojshanagar, Eastern Express Highway, Vikhroli u00e2u0080u0093 East, Mumbai u00e2u0080u0093 400079",19.0925655,72.9223514,Mumbai,Maharashtra,75,39.73385255,1.86,21.39560578,55.863615,85.12226222,Morning,Tuesday,"App, Card, UPI",Casual Driver,Level 1
