station_key,station_name,charging_station_operator,energy_consumed_kwh_sum,energy_consumed_kwh_mean,charging_duration_hours_mean,charging_rate_kw_mean,sessions_count,peak_time_of_day,peak_day_of_week,latitude,longitude,city,state,charging_station_location,stations_within_2km
"1059/1060,_adarsh_nagar,_near_infinity_mall,_off_new_link_road,_andheri_west,_mumbai,_maharashtra_400053","1059/1060, Adarsh nagar, near infinity mall, Off New Link Road, Andheri West, Mumbai, Maharashtra 400053",Ather,56.1150925,56.1150925,10.22,5.488039505,3,Night,Friday,19.14207,72.83241,Mumbai,Maharashtra,"1059/1060, Adarsh nagar, near infinity mall, Off New Link Road, Andheri West, Mumbai, Maharashtra 400053",4
"1059/1060,_adarsh_nagar,_near_infinity_mall,_off_new_link_road,_andheri_west,_mumbai,_maharashtra_400053","1059/1060, Adarsh nagar, near infinity mall, Off New Link Road, Andheri West, Mumbai, Maharashtra 400053",Tata Power,5.163807088,5.163807088,0.98,5.265203285,3,Night,Friday,19.14207,72.83241,Mumbai,Maharashtra,"1059/1060, Adarsh nagar, near infinity mall, Off New Link Road, Andheri West, Mumbai, Maharashtra 400053",4
"1059/1060,_adarsh_nagar,_near_infinity_mall,_off_new_link_road,_andheri_west,_mumbai,_maharashtra_400053","1059/1060, Adarsh nagar, near infinity mall, Off New Link Road, Andheri West, Mumbai, Maharashtra 400053",Volttic,40.7367048,40.7367048,4.13,9.866759209,3,Night,Friday,19.14207,72.83241,Mumbai,Maharashtra,"1059/1060, Adarsh nagar, near infinity mall, Off New Link Road, Andheri West, Mumbai, Maharashtra 400053",4
"12th_road,_above_upadhyaya_nursing_home,_santacruz_east,_mumbai,_maharashtra","12th Road, Above Upadhyaya Nursing Home, Santacruz East, Mumbai, Maharashtra",Tata Power,47.76784734,47.76784734,1.45,32.99434153,1,Night,Thursday,19.0737,72.857,Mumbai,Maharashtra,"12th Road, Above Upadhyaya Nursing Home, Santacruz East, Mumbai, Maharashtra",2
"14,_jp_rd,_aram_nagar,_seven_bunglow,_andheri_west","14, JP Rd, Aram Nagar, Seven Bunglow, Andheri West",Jio-bp Pulse,55.30273056,55.30273056,1.48,37.34746081,1,Morning,Thursday,19.13030121,72.82229723,Mumbai,Maharashtra,"14, JP Rd, Aram Nagar, Seven Bunglow, Andheri West",5
"157,_jeevan_bima_marg,_backbay_reclamation,_churchgate,_mumbai,_maharashtra_400020,_india","157, Jeevan Bima Marg, Backbay Reclamation, Churchgate, Mumbai, Maharashtra 400020, India",EVteQ,32.34799933,32.34799933,2.13,15.17023592,3,Morning,Sunday,18.9285,72.8255,Mumbai,Maharashtra,"157, Jeevan Bima Marg, Backbay Reclamation, Churchgate, Mumbai, Maharashtra 400020, India",12
"157,_jeevan_bima_marg,_backbay_reclamation,_churchgate,_mumbai,_maharashtra_400020,_india","157, Jeevan Bima Marg, Backbay Reclamation, Churchgate, Mumbai, Maharashtra 400020, India",VoltaPoint,8.234584116,8.234584116,0.19,43.81287256,3,Morning,Sunday,18.9285,72.8255,Mumbai,Maharashtra,"157, Jeevan Bima Marg, Backbay Reclamation, Churchgate, Mumbai, Maharashtra 400020, India",12
"157,_jeevan_bima_marg,_backbay_reclamation,_churchgate,_mumbai,_maharashtra_400020,_india","157, Jeevan Bima Marg, Backbay Reclamation, Churchgate, Mumbai, Maharashtra 400020, India",Volttic,60.06708509,60.06708509,7.85,7.651570047,3,Morning,Sunday,18.9285,72.8255,Mumbai,Maharashtra,"157, Jeevan Bima Marg, Backbay Reclamation, Churchgate, Mumbai, Maharashtra 400020, India",12
"2/7_meghal_industrial_estate,_devidayal_road,_mulund_west,_mumbai,_maharashtra_400080","2/7 Meghal Industrial Estate, Devidayal Road, Mulund West, Mumbai, Maharashtra 400080",ATUM,25.13233553,25.13233553,1.55,16.20549351,2,Afternoon,Friday,19.17674569,72.94574801,Mumbai,Maharashtra,"2/7 Meghal Industrial Estate, Devidayal Road, Mulund West, Mumbai, Maharashtra 400080",7
"2/7_meghal_industrial_estate,_devidayal_road,_mulund_west,_mumbai,_maharashtra_400080","2/7 Meghal Industrial Estate, Devidayal Road, Mulund West, Mumbai, Maharashtra 400080",EVteQ,34.89511327,34.89511327,7.15,4.881436199,2,Afternoon,Friday,19.17674569,72.94574801,Mumbai,Maharashtra,"2/7 Meghal Industrial Estate, Devidayal Road, Mulund West, Mumbai, Maharashtra 400080",7
"36,_sv_rd,_santosh_nagar,_bandra_west,_mumbai,_maharashtra_400050","36, SV Rd, Santosh Nagar, Bandra West, Mumbai, Maharashtra 400050",Jio-bp Pulse,98.35057846,49.17528923,5.54,10.23618944,3,Morning,Friday,19.051601,72.838011,Mumbai,Maharashtra,"36, SV Rd, Santosh Nagar, Bandra West, Mumbai, Maharashtra 400050",4
"36,_sv_rd,_santosh_nagar,_bandra_west,_mumbai,_maharashtra_400050","36, SV Rd, Santosh Nagar, Bandra West, Mumbai, Maharashtra 400050",Magenta,29.75838484,29.75838484,1.01,29.38504741,3,Morning,Friday,19.051601,72.838011,Mumbai,Maharashtra,"36, SV Rd, Santosh Nagar, Bandra West, Mumbai, Maharashtra 400050",4
"4/5,_enterprise_apartment,_forjet_hill_rd,_tardeo,_mumbai","4/5, Enterprise Apartment, Forjet Hill Rd, Tardeo, Mumbai",Tata Power,75.65384518,37.82692259,1.865,20.21899247,2,Afternoon,Friday,18.965,72.8098,Mumbai,Maharashtra,"4/5, Enterprise Apartment, Forjet Hill Rd, Tardeo, Mumbai",6
"4_wheeler_parking_area_godrej_one_pirojshanagar,_eastern_express_highway,_vikhroli_u00e2u0080u0093_east,_mumbai_u00e2u0080u0093_400079","4 Wheeler Parking area Godrej One Pirojshanagar, Eastern Express Highway, Vikhroli u00e2u0080u0093 East, Mumbai u00e2u0080u0093 400079",Statiq,39.73385255,39.73385255,1.86,21.39560578,1,Morning,Tuesday,19.0925655,72.9223514,Mumbai,Maharashtra,"4 Wheeler Parking area Godrej One Pirojshanagar, Eastern Express Highway, Vikhroli u00e2u0080u0093 East, Mumbai u00e2u0080u0093 400079",5
"527,_building_no-2,_sra_cooperative_society,_prabhadevi,_near_ahuja_towers,_mumbai","527, Building No-2, SRA Cooperative Society, Prabhadevi, near Ahuja Towers, Mumbai",VoltaPoint,49.43856017,24.71928009,11.48509206,23.48374405,2,Evening,Monday,19.0161,72.828,Mumbai,Maharashtra,"527, Building No-2, SRA Cooperative Society, Prabhadevi, near Ahuja Towers, Mumbai",13
"95,_malad,_viaykar_vadi,_malad_west,_mumbai_400064","95, Malad, Viaykar Vadi, Malad West, Mumbai 400064",ATUM,53.9569817,53.9569817,3.02,17.87474459,1,Night,Monday,19.1876,72.8436,Mumbai,Maharashtra,"95, Malad, Viaykar Vadi, Malad West, Mumbai 400064",6
"ambernath_station,_thane","Ambernath Station, Thane",ChargeZone,36.86213999,36.86213999,1.41,26.18518786,1,Evening,Friday,19.186,73.1891,Mumbai,Maharashtra,"Ambernath Station, Thane",0
"andheri_east_metro_station,_mumbai","Andheri East Metro Station, Mumbai",Statiq,68.21954378,34.10977189,4.7,13.97844042,2,Evening,Monday,19.1146,72.8696,Mumbai,Maharashtra,"Andheri East Metro Station, Mumbai",17
"anik_depot,_municipal_kamgar_vasahat,_trombay_industrial_area,_chembur,_mumbai","Anik Depot, Municipal Kamgar Vasahat, Trombay Industrial Area, Chembur, Mumbai",Tata Power,75.40700954,75.40700954,4.25,17.72970872,1,Evening,Sunday,19.0302,72.8927,Mumbai,Maharashtra,"Anik Depot, Municipal Kamgar Vasahat, Trombay Industrial Area, Chembur, Mumbai",4
"antop_hill_post_office,_mumbai","Antop Hill Post Office, Mumbai",Tata Power,49.73870005,49.73870005,1.51,32.86836958,1,Night,Wednesday,19.0165,72.8605,Mumbai,Maharashtra,"Antop Hill Post Office, Mumbai",4
"anushakti_nagar,_trombay,_mumbai","Anushakti Nagar, Trombay, Mumbai",Magenta,111.4056879,37.1352293,1.23,32.09440591,3,Night,Friday,19.037,72.9235,Mumbai,Maharashtra,"Anushakti Nagar, Trombay, Mumbai",1
"apollo_bunder_road,_colaba,_mumbai","Apollo Bunder Road, Colaba, Mumbai",Tata Power,98.18852471,32.72950824,10.21666667,18.84383126,3,Evening,Friday,18.9218,72.8347,Mumbai,Maharashtra,"Apollo Bunder Road, Colaba, Mumbai",13
"atria_mall,_dr_annie_besant_rd,_worli,_mumbai","Atria Mall, Dr Annie Besant Rd, Worli, Mumbai",Magenta,121.126268,60.563134,5.375,22.15391343,2,Afternoon,Saturday,19.0085,72.8153,Mumbai,Maharashtra,"Atria Mall, Dr Annie Besant Rd, Worli, Mumbai",7
"ballard_estate_parking_lot,_fort,_mumbai","Ballard Estate Parking Lot, Fort, Mumbai",Tata Power,27.04710323,27.04710323,5.98,4.521631542,1,Afternoon,Monday,18.9451,72.8354,Mumbai,Maharashtra,"Ballard Estate Parking Lot, Fort, Mumbai",1
"bandra_kurla_complex,_bandra_east,_mumbai","Bandra Kurla Complex, Bandra East, Mumbai",Volttic,29.34959504,29.34959504,0.97,30.32389572,1,Morning,Tuesday,19.0658,72.8687,Mumbai,Maharashtra,"Bandra Kurla Complex, Bandra East, Mumbai",7
"bhayandar_west_station_parking,_mumbai","Bhayandar West Station Parking, Mumbai",Magenta,71.48050343,23.82683448,1.093333333,26.15100938,3,Night,Monday,19.3134,72.8476,Mumbai,Maharashtra,"Bhayandar West Station Parking, Mumbai",0
"borivali_east,_mumbai","Borivali East, Mumbai",EVteQ,27.60438468,27.60438468,2.46,11.23853863,1,Morning,Wednesday,19.2365,72.8552,Mumbai,Maharashtra,"Borivali East, Mumbai",6
"borivali_west,_mumbai","Borivali West, Mumbai",ATUM,110.371533,55.18576649,2.51,30.206715,2,Afternoon,Friday,19.2298,72.8606,Mumbai,Maharashtra,"Borivali West, Mumbai",5
"borosil_plot,off,_makwana_rd,_marol,_andheri_east,_mumbai,_maharashtra","Borosil Plot,off, Makwana Rd, Marol, Andheri East, Mumbai, Maharashtra",Jio-bp Pulse,75.18617181,75.18617181,1.41,53.1747828,3,Morning,Saturday,19.1146146,72.8840941,Mumbai,Maharashtra,"Borosil Plot,off, Makwana Rd, Marol, Andheri East, Mumbai, Maharashtra",15
"borosil_plot,off,_makwana_rd,_marol,_andheri_east,_mumbai,_maharashtra","Borosil Plot,off, Makwana Rd, Marol, Andheri East, Mumbai, Maharashtra",Kazam,62.19283346,62.19283346,3.04,20.45251231,3,Morning,Saturday,19.1146146,72.8840941,Mumbai,Maharashtra,"Borosil Plot,off, Makwana Rd, Marol, Andheri East, Mumbai, Maharashtra",15
"borosil_plot,off,_makwana_rd,_marol,_andheri_east,_mumbai,_maharashtra","Borosil Plot,off, Makwana Rd, Marol, Andheri East, Mumbai, Maharashtra",Magenta,12.89314236,12.89314236,0.74,17.34136646,3,Morning,Saturday,19.1146146,72.8840941,Mumbai,Maharashtra,"Borosil Plot,off, Makwana Rd, Marol, Andheri East, Mumbai, Maharashtra",15
"breach_candy_hospital_complex,_mumbai","Breach Candy Hospital Complex, Mumbai",Magenta,68.82528251,68.82528251,4.06,16.93561005,1,Afternoon,Monday,18.9677,72.8055,Mumbai,Maharashtra,"Breach Candy Hospital Complex, Mumbai",5
"building,_plot_1,_udyog_kshtra,_mulund_goregaon_link_rd,_near_d_mart_mulund,_salpa_devi_pada,_mulund_west,_mumbai,_maharashtra_400080","Building, Plot 1, Udyog Kshtra, Mulund Goregaon Link Rd, near D Mart Mulund, Salpa Devi Pada, Mulund West, Mumbai, Maharashtra 400080",EV Dock,73.37136541,73.37136541,1.61,45.50795122,2,Afternoon,Friday,19.163979,72.938751,Mumbai,Maharashtra,"Building, Plot 1, Udyog Kshtra, Mulund Goregaon Link Rd, near D Mart Mulund, Salpa Devi Pada, Mulund West, Mumbai, Maharashtra 400080",6
"building,_plot_1,_udyog_kshtra,_mulund_goregaon_link_rd,_near_d_mart_mulund,_salpa_devi_pada,_mulund_west,_mumbai,_maharashtra_400080","Building, Plot 1, Udyog Kshtra, Mulund Goregaon Link Rd, near D Mart Mulund, Salpa Devi Pada, Mulund West, Mumbai, Maharashtra 400080",Kazam,57.92445004,57.92445004,4.62,12.53816191,2,Afternoon,Friday,19.163979,72.938751,Mumbai,Maharashtra,"Building, Plot 1, Udyog Kshtra, Mulund Goregaon Link Rd, near D Mart Mulund, Salpa Devi Pada, Mulund West, Mumbai, Maharashtra 400080",6
"carnival_cinemas_imax,_anik_wadala_link_rd,_bhakti_park,_wadala,_mumbai,_maharashtra_,worli","Carnival Cinemas Imax, Anik Wadala Link Rd, Bhakti Park, Wadala, Mumbai, Maharashtra ,Worli",Ather,71.97510218,71.97510218,3.04,23.65002521,2,Morning,Monday,19.0313299,72.8809653,Mumbai,Maharashtra,"Carnival Cinemas Imax, Anik Wadala Link Rd, Bhakti Park, Wadala, Mumbai, Maharashtra ,Worli",3
"carnival_cinemas_imax,_anik_wadala_link_rd,_bhakti_park,_wadala,_mumbai,_maharashtra_,worli","Carnival Cinemas Imax, Anik Wadala Link Rd, Bhakti Park, Wadala, Mumbai, Maharashtra ,Worli",Kazam,79.97267191,79.97267191,2.13,37.46218915,2,Morning,Monday,19.0313299,72.8809653,Mumbai,Maharashtra,"Carnival Cinemas Imax, Anik Wadala Link Rd, Bhakti Park, Wadala, Mumbai, Maharashtra ,Worli",3
"central_park_parking,_kharghar,_navi_mumbai","Central Park Parking, Kharghar, Navi Mumbai",Statiq,64.60983161,64.60983161,16.19,3.991359551,1,Morning,Wednesday,19.0418,73.0634,Mumbai,Maharashtra,"Central Park Parking, Kharghar, Navi Mumbai",1
"century_bazaar,_prabhadevi,_mumbai","Century Bazaar, Prabhadevi, Mumbai",Magenta,21.81937874,21.81937874,20.89046305,26.50712322,1,Evening,Monday,19.0155,72.8275,Mumbai,Maharashtra,"Century Bazaar, Prabhadevi, Mumbai",13
"chakala_metro_station,_mumbai","Chakala Metro Station, Mumbai",Tata Power,36.137269,36.137269,0.99,36.37707579,1,Night,Sunday,19.1088,72.8535,Mumbai,Maharashtra,"Chakala Metro Station, Mumbai",10
"charni_road_east,_mumbai","Charni Road East, Mumbai",Tata Power,58.45649285,29.22824643,1.285,23.82274172,2,Night,Friday,18.9545,72.8189,Mumbai,Maharashtra,"Charni Road East, Mumbai",4
"chembur_station_east,_mumbai","Chembur Station East, Mumbai",ChargeZone,78.64289917,78.64289917,2.26,34.823951,1,Afternoon,Wednesday,19.0549,72.9038,Mumbai,Maharashtra,"Chembur Station East, Mumbai",5
"chhatrapati_shivaji_maharaj_terminus_parking,_fort,_mumbai","Chhatrapati Shivaji Maharaj Terminus Parking, Fort, Mumbai",Magenta,26.44403312,26.44403312,0.98,27.1214299,1,Morning,Sunday,18.9398,72.8354,Mumbai,Maharashtra,"Chhatrapati Shivaji Maharaj Terminus Parking, Fort, Mumbai",12
"chincholi_bunder_road,_new_link_rd,_malad_west,_mumbai,_maharashtra_400064","Chincholi Bunder Road, New Link Rd, Malad West, Mumbai, Maharashtra 400064",Magenta,68.24465321,68.24465321,1.38,49.3612511,2,Evening,Sunday,19.1798,72.8361,Mumbai,Maharashtra,"Chincholi Bunder Road, New Link Rd, Malad West, Mumbai, Maharashtra 400064",5
"chincholi_bunder_road,_new_link_rd,_malad_west,_mumbai,_maharashtra_400064","Chincholi Bunder Road, New Link Rd, Malad West, Mumbai, Maharashtra 400064",Tata Power,45.45344885,45.45344885,1.61,28.19404206,2,Evening,Sunday,19.1798,72.8361,Mumbai,Maharashtra,"Chincholi Bunder Road, New Link Rd, Malad West, Mumbai, Maharashtra 400064",5
"colaba_causeway,_near_regal_cinema,_mumbai","Colaba Causeway, Near Regal Cinema, Mumbai",Tata Power,24.40113304,24.40113304,0.78,31.11524448,1,Afternoon,Tuesday,18.9216,72.8326,Mumbai,Maharashtra,"Colaba Causeway, Near Regal Cinema, Mumbai",13
"cotton_green_railyard,_mumbai","Cotton Green Railyard, Mumbai",Tata Power,40.40178309,20.20089155,1.343764489,31.18912218,2,Evening,Friday,18.991,72.8485,Mumbai,Maharashtra,"Cotton Green Railyard, Mumbai",3
"cr2_mall_parking,_nariman_point,_mumbai,_mh_400021","CR2 Mall Parking, Nariman Point, Mumbai, MH 400021",Tata Power,67.45124177,67.45124177,1.5,45.01922284,1,Evening,Friday,18.9255,72.8234,Mumbai,Maharashtra,"CR2 Mall Parking, Nariman Point, Mumbai, MH 400021",13
"cr_-_lokmanya_tilak_station,_kurla,_outside_platform_1,_beside_ltt_pay_and_park,_ltt_station,_pipeline_rd,_tilak_nagar,_kurla,_mumbai,_maharashtra_400089","CR - Lokmanya Tilak Station, Kurla, Outside Platform 1, Beside LTT Pay and Park, LTT Station, Pipeline Rd, Tilak Nagar, Kurla, Mumbai, Maharashtra 400089",ATUM,67.83558524,33.91779262,8.03329755,33.91169752,10,Evening,Friday,19.068262,72.890964,Mumbai,Maharashtra,"CR - Lokmanya Tilak Station, Kurla, Outside Platform 1, Beside LTT Pay and Park, LTT Station, Pipeline Rd, Tilak Nagar, Kurla, Mumbai, Maharashtra 400089",5
"cr_-_lokmanya_tilak_station,_kurla,_outside_platform_1,_beside_ltt_pay_and_park,_ltt_station,_pipeline_rd,_tilak_nagar,_kurla,_mumbai,_maharashtra_400089","CR - Lokmanya Tilak Station, Kurla, Outside Platform 1, Beside LTT Pay and Park, LTT Station, Pipeline Rd, Tilak Nagar, Kurla, Mumbai, Maharashtra 400089",Ather,45.81366157,45.81366157,2.64,17.3546406,10,Evening,Friday,19.068262,72.890964,Mumbai,Maharashtra,"CR - Lokmanya Tilak Station, Kurla, Outside Platform 1, Beside LTT Pay and Park, LTT Station, Pipeline Rd, Tilak Nagar, Kurla, Mumbai, Maharashtra 400089",5
"cr_-_lokmanya_tilak_station,_kurla,_outside_platform_1,_beside_ltt_pay_and_park,_ltt_station,_pipeline_rd,_tilak_nagar,_kurla,_mumbai,_maharashtra_400089","CR - Lokmanya Tilak Station, Kurla, Outside Platform 1, Beside LTT Pay and Park, LTT Station, Pipeline Rd, Tilak Nagar, Kurla, Mumbai, Maharashtra 400089",ChargeZone,71.28000416,71.28000416,1.75,40.61639923,10,Evening,Friday,19.068262,72.890964,Mumbai,Maharashtra,"CR - Lokmanya Tilak Station, Kurla, Outside Platform 1, Beside LTT Pay and Park, LTT Station, Pipeline Rd, Tilak Nagar, Kurla, Mumbai, Maharashtra 400089",5
"cr_-_lokmanya_tilak_station,_kurla,_outside_platform_1,_beside_ltt_pay_and_park,_ltt_station,_pipeline_rd,_tilak_nagar,_kurla,_mumbai,_maharashtra_400089","CR - Lokmanya Tilak Station, Kurla, Outside Platform 1, Beside LTT Pay and Park, LTT Station, Pipeline Rd, Tilak Nagar, Kurla, Mumbai, Maharashtra 400089",EV Point,93.0603842,46.5301921,1.44,28.60730485,10,Evening,Friday,19.068262,72.890964,Mumbai,Maharashtra,"CR - Lokmanya Tilak Station, Kurla, Outside Platform 1, Beside LTT Pay and Park, LTT Station, Pipeline Rd, Tilak Nagar, Kurla, Mumbai, Maharashtra 400089",5
"cr_-_lokmanya_tilak_station,_kurla,_outside_platform_1,_beside_ltt_pay_and_park,_ltt_station,_pipeline_rd,_tilak_nagar,_kurla,_mumbai,_maharashtra_400089","CR - Lokmanya Tilak Station, Kurla, Outside Platform 1, Beside LTT Pay and Park, LTT Station, Pipeline Rd, Tilak Nagar, Kurla, Mumbai, Maharashtra 400089",Jio-bp Pulse,72.28811626,36.14405813,1.845,23.88943474,10,Evening,Friday,19.068262,72.890964,Mumbai,Maharashtra,"CR - Lokmanya Tilak Station, Kurla, Outside Platform 1, Beside LTT Pay and Park, LTT Station, Pipeline Rd, Tilak Nagar, Kurla, Mumbai, Maharashtra 400089",5
"cr_-_lokmanya_tilak_station,_kurla,_outside_platform_1,_beside_ltt_pay_and_park,_ltt_station,_pipeline_rd,_tilak_nagar,_kurla,_mumbai,_maharashtra_400089","CR - Lokmanya Tilak Station, Kurla, Outside Platform 1, Beside LTT Pay and Park, LTT Station, Pipeline Rd, Tilak Nagar, Kurla, Mumbai, Maharashtra 400089",Statiq,71.14274636,71.14274636,4.8,14.82991098,10,Evening,Friday,19.068262,72.890964,Mumbai,Maharashtra,"CR - Lokmanya Tilak Station, Kurla, Outside Platform 1, Beside LTT Pay and Park, LTT Station, Pipeline Rd, Tilak Nagar, Kurla, Mumbai, Maharashtra 400089",5
"cr_-_lokmanya_tilak_station,_kurla,_outside_platform_1,_beside_ltt_pay_and_park,_ltt_station,_pipeline_rd,_tilak_nagar,_kurla,_mumbai,_maharashtra_400089","CR - Lokmanya Tilak Station, Kurla, Outside Platform 1, Beside LTT Pay and Park, LTT Station, Pipeline Rd, Tilak Nagar, Kurla, Mumbai, Maharashtra 400089",VoltaPoint,77.63234569,77.63234569,6.94,11.17901456,10,Evening,Friday,19.068262,72.890964,Mumbai,Maharashtra,"CR - Lokmanya Tilak Station, Kurla, Outside Platform 1, Beside LTT Pay and Park, LTT Station, Pipeline Rd, Tilak Nagar, Kurla, Mumbai, Maharashtra 400089",5
"d298,_ttc_industrial_area,_turbhe","D298, TTC Industrial area, turbhe",Kazam,27.70606779,27.70606779,0.61,45.32674459,2,Afternoon,Tuesday,19.06895357,73.02251015,Mumbai,Maharashtra,"D298, TTC Industrial area, turbhe",3
"d298,_ttc_industrial_area,_turbhe","D298, TTC Industrial area, turbhe",Tata Power,6.97877135,6.97877135,0.19,35.78892354,2,Afternoon,Tuesday,19.06895357,73.02251015,Mumbai,Maharashtra,"D298, TTC Industrial area, turbhe",3
"dahisar_check_naka_parking,_mumbai","Dahisar Check Naka Parking, Mumbai",VoltaPoint,83.45776887,41.72888444,1.475,33.95880139,2,Night,Thursday,19.2567,72.8572,Mumbai,Maharashtra,"Dahisar Check Naka Parking, Mumbai",1
"dahisar_east_station,_mumbai","Dahisar East Station, Mumbai",ChargeZone,124.8739875,41.62466249,1.293333333,37.65392366,3,Afternoon,Friday,19.2505,72.8591,Mumbai,Maharashtra,"Dahisar East Station, Mumbai",6
"devidas_lane,_shanti_ashram_borivali_west,_near_st.lawrence_high_school,_mumbai,_maharashtra_,borivali","Devidas Lane, Shanti Ashram Borivali West, Near St.Lawrence High School, Mumbai, Maharashtra ,Borivali",ChargeZone,42.0179595,42.0179595,3.16,13.30298668,3,Evening,Wednesday,19.2402364,72.8481819,Mumbai,Maharashtra,"Devidas Lane, Shanti Ashram Borivali West, Near St.Lawrence High School, Mumbai, Maharashtra ,Borivali",4
"devidas_lane,_shanti_ashram_borivali_west,_near_st.lawrence_high_school,_mumbai,_maharashtra_,borivali","Devidas Lane, Shanti Ashram Borivali West, Near St.Lawrence High School, Mumbai, Maharashtra ,Borivali",Magenta,45.6603132,45.6603132,1.12,40.67941804,3,Evening,Wednesday,19.2402364,72.8481819,Mumbai,Maharashtra,"Devidas Lane, Shanti Ashram Borivali West, Near St.Lawrence High School, Mumbai, Maharashtra ,Borivali",4
"devidas_lane,_shanti_ashram_borivali_west,_near_st.lawrence_high_school,_mumbai,_maharashtra_,borivali","Devidas Lane, Shanti Ashram Borivali West, Near St.Lawrence High School, Mumbai, Maharashtra ,Borivali",VoltaPoint,74.54048486,74.54048486,4.4,16.93586894,3,Evening,Wednesday,19.2402364,72.8481819,Mumbai,Maharashtra,"Devidas Lane, Shanti Ashram Borivali West, Near St.Lawrence High School, Mumbai, Maharashtra ,Borivali",4
"diamond_garden,_chembur,_mumbai","Diamond Garden, Chembur, Mumbai",Magenta,66.17491556,66.17491556,16.16,4.096052506,1,Night,Wednesday,19.0458,72.8991,Mumbai,Maharashtra,"Diamond Garden, Chembur, Mumbai",6
"dombivli_east_railway_parking,_thane","Dombivli East Railway Parking, Thane",Tata Power,123.1958246,61.59791231,7.046469918,26.50712322,2,Evening,Friday,19.2188,73.0935,Mumbai,Maharashtra,"Dombivli East Railway Parking, Thane",2
"dr_ambedkar_rd,_parel,_mumbai","Dr Ambedkar Rd, Parel, Mumbai",Kazam,45.0685333,45.0685333,1.1,41.03311514,2,Afternoon,Friday,19.0094,72.8394,Mumbai,Maharashtra,"Dr Ambedkar Rd, Parel, Mumbai",11
"dr_ambedkar_rd,_parel,_mumbai","Dr Ambedkar Rd, Parel, Mumbai",VoltaPoint,57.72437946,57.72437946,12.87,4.485647105,2,Afternoon,Friday,19.0094,72.8394,Mumbai,Maharashtra,"Dr Ambedkar Rd, Parel, Mumbai",11
"eastern_express_hwy,_near_viviana_mall,_thane,_mumbai","Eastern Express Hwy, Near Viviana Mall, Thane, Mumbai",Kazam,168.9501898,56.31672992,3.113333333,23.24783017,3,Afternoon,Thursday,19.1866,72.9728,Mumbai,Maharashtra,"Eastern Express Hwy, Near Viviana Mall, Thane, Mumbai",2
"entrance_gate_3,_phoenix_market_city,_lal_bahadur_shastri_rd,_kurla_west,_mumbai","Entrance Gate 3, Phoenix Market City, Lal Bahadur Shastri Rd, Kurla West, Mumbai",ChargeZone,36.70152016,36.70152016,1.92,19.12193264,1,Evening,Sunday,19.0751,72.8893,Mumbai,Maharashtra,"Entrance Gate 3, Phoenix Market City, Lal Bahadur Shastri Rd, Kurla West, Mumbai",11
"fortune_cars,_navi_mumbai,_plot_no._d-400,_ttc_industrial_area,_midc,_near_uran_phata_signal,_nerul,_navi_mumbai,_maharashtra_-_400706","Fortune Cars, Navi Mumbai, Plot No. D-400, TTC Industrial Area, MIDC, Near Uran Phata Signal, Nerul, Navi Mumbai, Maharashtra - 400706",ChargeZone,148.308555,49.436185,1.293333333,35.9926655,10,Evening,Friday,19.03639,73.029907,Mumbai,Maharashtra,"Fortune Cars, Navi Mumbai, Plot No. D-400, TTC Industrial Area, MIDC, Near Uran Phata Signal, Nerul, Navi Mumbai, Maharashtra - 400706",2
"fortune_cars,_navi_mumbai,_plot_no._d-400,_ttc_industrial_area,_midc,_near_uran_phata_signal,_nerul,_navi_mumbai,_maharashtra_-_400706","Fortune Cars, Navi Mumbai, Plot No. D-400, TTC Industrial Area, MIDC, Near Uran Phata Signal, Nerul, Navi Mumbai, Maharashtra - 400706",EVteQ,62.04623037,62.04623037,3.34,18.56265579,10,Evening,Friday,19.03639,73.029907,Mumbai,Maharashtra,"Fortune Cars, Navi Mumbai, Plot No. D-400, TTC Industrial Area, MIDC, Near Uran Phata Signal, Nerul, Navi Mumbai, Maharashtra - 400706",2
"fortune_cars,_navi_mumbai,_plot_no._d-400,_ttc_industrial_area,_midc,_near_uran_phata_signal,_nerul,_navi_mumbai,_maharashtra_-_400706","Fortune Cars, Navi Mumbai, Plot No. D-400, TTC Industrial Area, MIDC, Near Uran Phata Signal, Nerul, Navi Mumbai, Maharashtra - 400706",Magenta,165.3361564,55.11205213,4.193333333,15.25934142,10,Evening,Friday,19.03639,73.029907,Mumbai,Maharashtra,"Fortune Cars, Navi Mumbai, Plot No. D-400, TTC Industrial Area, MIDC, Near Uran Phata Signal, Nerul, Navi Mumbai, Maharashtra - 400706",2
"fortune_cars,_navi_mumbai,_plot_no._d-400,_ttc_industrial_area,_midc,_near_uran_phata_signal,_nerul,_navi_mumbai,_maharashtra_-_400706","Fortune Cars, Navi Mumbai, Plot No. D-400, TTC Industrial Area, MIDC, Near Uran Phata Signal, Nerul, Navi Mumbai, Maharashtra - 400706",Tata Power,71.28000416,71.28000416,1.75,40.61639923,10,Evening,Friday,19.03639,73.029907,Mumbai,Maharashtra,"Fortune Cars, Navi Mumbai, Plot No. D-400, TTC Industrial Area, MIDC, Near Uran Phata Signal, Nerul, Navi Mumbai, Maharashtra - 400706",2
"fortune_cars,_navi_mumbai,_plot_no._d-400,_ttc_industrial_area,_midc,_near_uran_phata_signal,_nerul,_navi_mumbai,_maharashtra_-_400706","Fortune Cars, Navi Mumbai, Plot No. D-400, TTC Industrial Area, MIDC, Near Uran Phata Signal, Nerul, Navi Mumbai, Maharashtra - 400706",VoltaPoint,6.268235994,6.268235994,6.385988648,26.50712322,10,Evening,Friday,19.03639,73.029907,Mumbai,Maharashtra,"Fortune Cars, Navi Mumbai, Plot No. D-400, TTC Industrial Area, MIDC, Near Uran Phata Signal, Nerul, Navi Mumbai, Maharashtra - 400706",2
"fortune_cars,_navi_mumbai,_plot_no._d-400,_ttc_industrial_area,_midc,_near_uran_phata_signal,_nerul,_navi_mumbai,_maharashtra_-_400706","Fortune Cars, Navi Mumbai, Plot No. D-400, TTC Industrial Area, MIDC, Near Uran Phata Signal, Nerul, Navi Mumbai, Maharashtra - 400706",Volttic,45.81366157,45.81366157,2.64,17.3546406,10,Evening,Friday,19.03639,73.029907,Mumbai,Maharashtra,"Fortune Cars, Navi Mumbai, Plot No. D-400, TTC Industrial Area, MIDC, Near Uran Phata Signal, Nerul, Navi Mumbai, Maharashtra - 400706",2
"g-603/604,_vasari_hill_rd,_malad,_sunder_nagar,_goregaon_west,_mumbai","G-603/604, Vasari Hill Rd, Malad, Sunder Nagar, Goregaon West, Mumbai",EV Dock,79.00225971,79.00225971,2.93,26.97742286,1,Night,Friday,19.1787,72.8446,Mumbai,Maharashtra,"G-603/604, Vasari Hill Rd, Malad, Sunder Nagar, Goregaon West, Mumbai",9
"gala_no14_a,_kbm_compound,_military_road,_raje_shivaji_nagar,_marol,_andheri_east,_400072","Gala No14 A, KBM compound, military road, raje shivaji nagar, marol, andheri east, 400072",VoltaPoint,62.42036137,62.42036137,2.09,29.9083034,1,Night,Thursday,19.12012455,72.88724762,Mumbai,Maharashtra,"Gala No14 A, KBM compound, military road, raje shivaji nagar, marol, andheri east, 400072",17
"gd_ambekar_marg,_lal_baug,_parel,_mumbai,_maharashtra","GD Ambekar Marg, Lal Baug, Parel, Mumbai, Maharashtra",EVteQ,33.39817876,33.39817876,2.32,14.42092922,1,Morning,Tuesday,18.9917205,72.841513,Mumbai,Maharashtra,"GD Ambekar Marg, Lal Baug, Parel, Mumbai, Maharashtra",13
"ghansoli_station_east,_navi_mumbai","Ghansoli Station East, Navi Mumbai",Volttic,67.17701749,33.58850875,1.48,22.72673073,2,Afternoon,Saturday,19.1339,73.0011,Mumbai,Maharashtra,"Ghansoli Station East, Navi Mumbai",0
"ghatkopar_east,_mumbai","Ghatkopar East, Mumbai",ATUM,48.50288659,48.50288659,1.11,43.60970746,3,Night,Monday,19.0836,72.9136,Mumbai,Maharashtra,"Ghatkopar East, Mumbai",2
"ghatkopar_east,_mumbai","Ghatkopar East, Mumbai",Statiq,62.6627378,31.3313689,3.69,9.892588029,3,Night,Monday,19.0836,72.9136,Mumbai,Maharashtra,"Ghatkopar East, Mumbai",2
"gut_no.151/2,_village_-_ajivali,_taluka_-_panvel,_raigad,_ajivali,_410216","GUT NO.151/2, VILLAGE - AJIVALI, TALUKA - PANVEL, RAIGAD, AJIVALI, 410216",Kazam,8.349591228,8.349591228,0.18,47.48218949,2,Evening,Monday,18.9563188,73.1626506,Mumbai,Maharashtra,"GUT NO.151/2, VILLAGE - AJIVALI, TALUKA - PANVEL, RAIGAD, AJIVALI, 410216",0
"gut_no.151/2,_village_-_ajivali,_taluka_-_panvel,_raigad,_ajivali,_410216","GUT NO.151/2, VILLAGE - AJIVALI, TALUKA - PANVEL, RAIGAD, AJIVALI, 410216",Tata Power,45.57396766,45.57396766,4.11,11.089827,2,Evening,Monday,18.9563188,73.1626506,Mumbai,Maharashtra,"GUT NO.151/2, VILLAGE - AJIVALI, TALUKA - PANVEL, RAIGAD, AJIVALI, 410216",0
"hiranandani_gardens,_powai,_mumbai","Hiranandani Gardens, Powai, Mumbai",Ather,213.1205945,71.04019816,4.036666667,18.24725944,3,Evening,Friday,19.1206,72.9188,Mumbai,Maharashtra,"Hiranandani Gardens, Powai, Mumbai",17
"indraprastha_mall,_borivali_west,_mumbai","Indraprastha Mall, Borivali West, Mumbai",Tata Power,8.115370261,8.115370261,14.42669236,26.50712322,1,Evening,Saturday,19.233,72.8552,Mumbai,Maharashtra,"Indraprastha Mall, Borivali West, Mumbai",6
"inorbit_mall,_goregaon_west,_mumbai","Inorbit Mall, Goregaon West, Mumbai",Jio-bp Pulse,42.51736092,42.51736092,1.07,39.91263736,1,Morning,Saturday,19.1643,72.8346,Mumbai,Maharashtra,"Inorbit Mall, Goregaon West, Mumbai",4
"iocl_sahara_hospitality,_vile_parle,_opp._domestic_airport,_navpada,_vile_parle_east,_vile_parle,_mumbai,_maharashtra_400099","IOCL Sahara Hospitality, Vile Parle, opp. Domestic Airport, Navpada, Vile Parle East, Vile Parle, Mumbai, Maharashtra 400099",ATUM,76.49931987,76.49931987,2.04,37.44551098,10,Evening,Friday,19.094122,72.85223,Mumbai,Maharashtra,"IOCL Sahara Hospitality, Vile Parle, opp. Domestic Airport, Navpada, Vile Parle East, Vile Parle, Mumbai, Maharashtra 400099",1
"iocl_sahara_hospitality,_vile_parle,_opp._domestic_airport,_navpada,_vile_parle_east,_vile_parle,_mumbai,_maharashtra_400099","IOCL Sahara Hospitality, Vile Parle, opp. Domestic Airport, Navpada, Vile Parle East, Vile Parle, Mumbai, Maharashtra 400099",ChargeZone,45.81366157,45.81366157,2.64,17.3546406,10,Evening,Friday,19.094122,72.85223,Mumbai,Maharashtra,"IOCL Sahara Hospitality, Vile Parle, opp. Domestic Airport, Navpada, Vile Parle East, Vile Parle, Mumbai, Maharashtra 400099",1
"iocl_sahara_hospitality,_vile_parle,_opp._domestic_airport,_navpada,_vile_parle_east,_vile_parle,_mumbai,_maharashtra_400099","IOCL Sahara Hospitality, Vile Parle, opp. Domestic Airport, Navpada, Vile Parle East, Vile Parle, Mumbai, Maharashtra 400099",EV Point,67.83558524,33.91779262,4.86054613,33.91169752,10,Evening,Friday,19.094122,72.85223,Mumbai,Maharashtra,"IOCL Sahara Hospitality, Vile Parle, opp. Domestic Airport, Navpada, Vile Parle East, Vile Parle, Mumbai, Maharashtra 400099",1
"iocl_sahara_hospitality,_vile_parle,_opp._domestic_airport,_navpada,_vile_parle_east,_vile_parle,_mumbai,_maharashtra_400099","IOCL Sahara Hospitality, Vile Parle, opp. Domestic Airport, Navpada, Vile Parle East, Vile Parle, Mumbai, Maharashtra 400099",Kazam,62.04623037,62.04623037,3.34,18.56265579,10,Evening,Friday,19.094122,72.85223,Mumbai,Maharashtra,"IOCL Sahara Hospitality, Vile Parle, opp. Domestic Airport, Navpada, Vile Parle East, Vile Parle, Mumbai, Maharashtra 400099",1
"iocl_sahara_hospitality,_vile_parle,_opp._domestic_airport,_navpada,_vile_parle_east,_vile_parle,_mumbai,_maharashtra_400099","IOCL Sahara Hospitality, Vile Parle, opp. Domestic Airport, Navpada, Vile Parle East, Vile Parle, Mumbai, Maharashtra 400099",Magenta,71.28000416,71.28000416,1.75,40.61639923,10,Evening,Friday,19.094122,72.85223,Mumbai,Maharashtra,"IOCL Sahara Hospitality, Vile Parle, opp. Domestic Airport, Navpada, Vile Parle East, Vile Parle, Mumbai, Maharashtra 400099",1
"iocl_sahara_hospitality,_vile_parle,_opp._domestic_airport,_navpada,_vile_parle_east,_vile_parle,_mumbai,_maharashtra_400099","IOCL Sahara Hospitality, Vile Parle, opp. Domestic Airport, Navpada, Vile Parle East, Vile Parle, Mumbai, Maharashtra 400099",VoltaPoint,77.63234569,77.63234569,6.94,11.17901456,10,Evening,Friday,19.094122,72.85223,Mumbai,Maharashtra,"IOCL Sahara Hospitality, Vile Parle, opp. Domestic Airport, Navpada, Vile Parle East, Vile Parle, Mumbai, Maharashtra 400099",1
"iocl_sahara_hospitality,_vile_parle,_opp._domestic_airport,_navpada,_vile_parle_east,_vile_parle,_mumbai,_maharashtra_400099","IOCL Sahara Hospitality, Vile Parle, opp. Domestic Airport, Navpada, Vile Parle East, Vile Parle, Mumbai, Maharashtra 400099",Volttic,97.94569658,32.64856553,1.996666667,21.27174113,10,Evening,Friday,19.094122,72.85223,Mumbai,Maharashtra,"IOCL Sahara Hospitality, Vile Parle, opp. Domestic Airport, Navpada, Vile Parle East, Vile Parle, Mumbai, Maharashtra 400099",1
"juhu_beach_gate_3,_mumbai","Juhu Beach Gate 3, Mumbai",Tata Power,73.09045077,73.09045077,2.41,30.38880381,1,Morning,Tuesday,19.097,72.8261,Mumbai,Maharashtra,"Juhu Beach Gate 3, Mumbai",2
"juhu_tara_rd,_near_juhu_beach,_mumbai","Juhu Tara Rd, Near Juhu Beach, Mumbai",Fortum,135.8815458,45.29384859,1.12,38.448172,3,Afternoon,Saturday,19.0977,72.8271,Mumbai,Maharashtra,"Juhu Tara Rd, Near Juhu Beach, Mumbai",2
"juhu_tara_rd,_near_juhu_beach,_mumbai,_maharashtra","Juhu Tara Rd, Near Juhu Beach, Mumbai, Maharashtra",EV Point,79.45782399,79.45782399,2.42,32.88286976,1,Evening,Saturday,19.0994,72.8269,Mumbai,Maharashtra,"Juhu Tara Rd, Near Juhu Beach, Mumbai, Maharashtra",2
"junction_of_bellasis_road_and_dr_d.b._marg_,_mumbai_central,_mumbai_400008","Junction of Bellasis Road and Dr D.B. Marg , Mumbai Central, Mumbai 400008",Magenta,46.45478115,46.45478115,1.08,42.8384828,2,Evening,Thursday,18.9688627,72.8207138,Mumbai,Maharashtra,"Junction of Bellasis Road and Dr D.B. Marg , Mumbai Central, Mumbai 400008",5
"junction_of_bellasis_road_and_dr_d.b._marg_,_mumbai_central,_mumbai_400008","Junction of Bellasis Road and Dr D.B. Marg , Mumbai Central, Mumbai 400008",VoltaPoint,32.52486105,32.52486105,1.03,31.55315617,2,Evening,Thursday,18.9688627,72.8207138,Mumbai,Maharashtra,"Junction of Bellasis Road and Dr D.B. Marg , Mumbai Central, Mumbai 400008",5
"kalamboli_steel_market_junction,_navi_mumbai","Kalamboli Steel Market Junction, Navi Mumbai",VoltaPoint,85.03985431,85.03985431,3.18,26.7265968,1,Evening,Sunday,19.0543,73.1153,Mumbai,Maharashtra,"Kalamboli Steel Market Junction, Navi Mumbai",1
"kalyan_east_bus_depot,_thane","Kalyan East Bus Depot, Thane",Magenta,72.71574853,72.71574853,2.25,32.25343212,1,Afternoon,Monday,19.2402,73.1362,Mumbai,Maharashtra,"Kalyan East Bus Depot, Thane",2
"kalyan_west,_kalyan,_thane","Kalyan West, Kalyan, Thane",Magenta,61.11752874,61.11752874,2.15,28.40157855,1,Night,Sunday,19.2403,73.1258,Mumbai,Maharashtra,"Kalyan West, Kalyan, Thane",2
"kamothe_bus_depot,_navi_mumbai","Kamothe Bus Depot, Navi Mumbai",Magenta,65.48719596,65.48719596,1.74,37.57728956,1,Evening,Thursday,19.016,73.0949,Mumbai,Maharashtra,"Kamothe Bus Depot, Navi Mumbai",1
"kandivali_east,_next_to_railway_station,_mumbai","Kandivali East, Next to Railway Station, Mumbai",EVteQ,78.69341922,78.69341922,2.15,36.56255637,1,Evening,Tuesday,19.2104,72.8572,Mumbai,Maharashtra,"Kandivali East, Next to Railway Station, Mumbai",1
"kanjurmarg_east_station,_mumbai","Kanjurmarg East Station, Mumbai",Statiq,118.8974904,118.8974904,12.8,9.2864977,1,Night,Monday,19.1341,72.9297,Mumbai,Maharashtra,"Kanjurmarg East Station, Mumbai",2
"khandeshwar_railway_station,_navi_mumbai","Khandeshwar Railway Station, Navi Mumbai",Tata Power,115.4376412,57.71882061,2.435,34.49484278,2,Evening,Saturday,19.0028,73.1076,Mumbai,Maharashtra,"Khandeshwar Railway Station, Navi Mumbai",6
"khar_danda_road,_mumbai","Khar Danda Road, Mumbai",Tata Power,93.28669152,46.64334576,1.36,37.23624252,2,Morning,Monday,19.0756,72.8322,Mumbai,Maharashtra,"Khar Danda Road, Mumbai",3
"kohinoor_altissimo_residential_tower,_kohinoor_altissimo,_kasaravadi,_dadar,_mumbai,_maharashtra_400028","Kohinoor Altissimo Residential Tower, Kohinoor Altissimo, Kasaravadi, Dadar, Mumbai, Maharashtra 400028",EV Dock,75.52338507,75.52338507,3.03,24.8909192,1,Afternoon,Monday,19.0246,72.8402,Mumbai,Maharashtra,"Kohinoor Altissimo Residential Tower, Kohinoor Altissimo, Kasaravadi, Dadar, Mumbai, Maharashtra 400028",13
"kohinoor_square,_kasaravadi,_dadar,_mumbai,_maharashtra","Kohinoor Square, Kasaravadi, Dadar, Mumbai, Maharashtra",Kazam,27.00471086,27.00471086,0.58,46.41136085,3,Afternoon,Friday,19.02460889,72.84282021,Mumbai,Maharashtra,"Kohinoor Square, Kasaravadi, Dadar, Mumbai, Maharashtra",13
"kohinoor_square,_kasaravadi,_dadar,_mumbai,_maharashtra","Kohinoor Square, Kasaravadi, Dadar, Mumbai, Maharashtra",Magenta,100.2481748,50.12408739,2.875,21.69152116,3,Afternoon,Friday,19.02460889,72.84282021,Mumbai,Maharashtra,"Kohinoor Square, Kasaravadi, Dadar, Mumbai, Maharashtra",13
"kolshet_road,_thane_west","Kolshet Road, Thane West",Jio-bp Pulse,54.46660949,27.23330474,0.71,38.99955201,2,Afternoon,Saturday,19.2587,72.9773,Mumbai,Maharashtra,"Kolshet Road, Thane West",0
"lbs_marg,_kurla_west,_mumbai","LBS Marg, Kurla West, Mumbai",Tata Power,69.42235104,69.42235104,7.02,9.889820742,1,Evening,Monday,19.0702,72.881,Mumbai,Maharashtra,"LBS Marg, Kurla West, Mumbai",14
"lbs_marg,_near_bhandup_station,_mumbai","LBS Marg, Near Bhandup Station, Mumbai",Magenta,82.34119492,41.17059746,1.12,38.29083051,2,Evening,Friday,19.1547,72.9346,Mumbai,Maharashtra,"LBS Marg, Near Bhandup Station, Mumbai",4
"lbs_marg,_near_mulund_station,_mulund_west,_mumbai","LBS Marg, Near Mulund Station, Mulund West, Mumbai",ChargeZone,68.56767861,68.56767861,4.16,16.475471,1,Afternoon,Saturday,19.1726,72.9532,Mumbai,Maharashtra,"LBS Marg, Near Mulund Station, Mulund West, Mumbai",8
"linking_road,_opp_national_college,_bandra_west,_mumbai","Linking Road, Opp National College, Bandra West, Mumbai",Ather,41.15701391,41.15701391,0.89,46.12968887,1,Morning,Friday,19.0618,72.833,Mumbai,Maharashtra,"Linking Road, Opp National College, Bandra West, Mumbai",3
"lodha_xperia_mall,_palava_city,_dombivli","Lodha Xperia Mall, Palava City, Dombivli",Statiq,37.42669941,37.42669941,2.2,16.98014038,1,Afternoon,Tuesday,19.2263,73.0965,Mumbai,Maharashtra,"Lodha Xperia Mall, Palava City, Dombivli",1
"magenta_house,_d-285,_ttc_industrial_area,_nturbhe,_near_unitech_motors,_navi_mumbai,_maharashtra","Magenta House, D-285, TTC Industrial Area, nTurbhe, Near Unitech Motors, Navi Mumbai, Maharashtra",Statiq,31.73575031,31.73575031,2.85,11.12987276,1,Evening,Wednesday,19.0685788,73.022744,Mumbai,Maharashtra,"Magenta House, D-285, TTC Industrial Area, nTurbhe, Near Unitech Motors, Navi Mumbai, Maharashtra",4
"mahalaxmi_race_course,_mumbai","Mahalaxmi Race Course, Mumbai",Magenta,38.36041213,38.36041213,1,38.34376389,1,Night,Tuesday,18.9938,72.8237,Mumbai,Maharashtra,"Mahalaxmi Race Course, Mumbai",14
"maker_maxity,_bkc,_mumbai","Maker Maxity, BKC, Mumbai",Magenta,77.12500791,77.12500791,1.96,39.42909617,1,Morning,Friday,19.058,72.8675,Mumbai,Maharashtra,"Maker Maxity, BKC, Mumbai",5
"malad_west,_mumbai","Malad West, Mumbai",EVteQ,90.23550358,90.23550358,18.64,4.841450613,1,Afternoon,Saturday,19.1851,72.8388,Mumbai,Maharashtra,"Malad West, Mumbai",5
"mankhurd_railway_station,_mumbai","Mankhurd Railway Station, Mumbai",Tata Power,61.11752874,61.11752874,1.64,37.24649566,1,Evening,Monday,19.0498,72.9317,Mumbai,Maharashtra,"Mankhurd Railway Station, Mumbai",1
"mansarovar_railway_station,_navi_mumbai","Mansarovar Railway Station, Navi Mumbai",Magenta,15.5583755,15.5583755,0.35,44.45073085,1,Morning,Monday,19.0121,73.055,Mumbai,Maharashtra,"Mansarovar Railway Station, Navi Mumbai",0
"marol_naka_metro_station,_andheri_east,_mumbai","Marol Naka Metro Station, Andheri East, Mumbai",Volttic,26.58671022,26.58671022,1.09,24.45076324,1,Afternoon,Tuesday,19.1112,72.874,Mumbai,Maharashtra,"Marol Naka Metro Station, Andheri East, Mumbai",16
"marol_naka_metro_station,_mumbai","Marol Naka Metro Station, Mumbai",Statiq,126.7192683,42.23975609,5.876666667,32.66874274,3,Evening,Monday,19.109,72.8771,Mumbai,Maharashtra,"Marol Naka Metro Station, Mumbai",16
"mgl_terminal,_opposite_anik_depot,_wadala,_mumbai","MGL Terminal, Opposite Anik Depot, Wadala, Mumbai",Tata Power,62.20847707,31.10423854,1.015,33.66282179,2,Morning,Sunday,19.0281,72.8647,Mumbai,Maharashtra,"MGL Terminal, Opposite Anik Depot, Wadala, Mumbai",8
"mgl_terminal,_opposite_anik_depot,_wadala,_mumbai,_maharashtra_400022","MGL Terminal, opposite Anik Depot, Wadala, Mumbai, Maharashtra 400022",Tata Power,47.7140959,47.7140959,11.0477729,26.50712322,1,Night,Wednesday,19.0472567,72.8783829,Mumbai,Maharashtra,"MGL Terminal, opposite Anik Depot, Wadala, Mumbai, Maharashtra 400022",4
"mh_|_mumbai_|_nsci_-_worli,nsci,_lala_lajpatrai_marg,_lotus_colony,_worli,_mumbai,_maharashtra_400018","MH | Mumbai | NSCI - Worli,NSCI, Lala Lajpatrai Marg, Lotus Colony, Worli, Mumbai, Maharashtra 400018",ATUM,58.74152298,58.74152298,2.95,19.94270235,3,Afternoon,Monday,18.9862222,72.8149436,Mumbai,Maharashtra,"MH | Mumbai | NSCI - Worli,NSCI, Lala Lajpatrai Marg, Lotus Colony, Worli, Mumbai, Maharashtra 400018",7
"mh_|_mumbai_|_nsci_-_worli,nsci,_lala_lajpatrai_marg,_lotus_colony,_worli,_mumbai,_maharashtra_400018","MH | Mumbai | NSCI - Worli,NSCI, Lala Lajpatrai Marg, Lotus Colony, Worli, Mumbai, Maharashtra 400018",Jio-bp Pulse,36.22941276,36.22941276,3.27,11.09306321,3,Afternoon,Monday,18.9862222,72.8149436,Mumbai,Maharashtra,"MH | Mumbai | NSCI - Worli,NSCI, Lala Lajpatrai Marg, Lotus Colony, Worli, Mumbai, Maharashtra 400018",7
"mh_|_mumbai_|_nsci_-_worli,nsci,_lala_lajpatrai_marg,_lotus_colony,_worli,_mumbai,_maharashtra_400018","MH | Mumbai | NSCI - Worli,NSCI, Lala Lajpatrai Marg, Lotus Colony, Worli, Mumbai, Maharashtra 400018",VoltaPoint,71.70850688,71.70850688,1.85,38.79607655,3,Afternoon,Monday,18.9862222,72.8149436,Mumbai,Maharashtra,"MH | Mumbai | NSCI - Worli,NSCI, Lala Lajpatrai Marg, Lotus Colony, Worli, Mumbai, Maharashtra 400018",7
"mh_|_mumbai_|_the_westin_mumbai_powai_lake,the_westin_mumbai_powai_lake_kailash_nagar,_morarji_nagar,_powai,_mumbai,_maharashtra_400076","MH | Mumbai | The Westin Mumbai Powai Lake,The Westin Mumbai Powai Lake Kailash Nagar, Morarji Nagar, Powai, Mumbai, Maharashtra 400076",Ather,58.74152298,58.74152298,2.95,19.94270235,3,Afternoon,Monday,19.133659,72.900817,Mumbai,Maharashtra,"MH | Mumbai | The Westin Mumbai Powai Lake,The Westin Mumbai Powai Lake Kailash Nagar, Morarji Nagar, Powai, Mumbai, Maharashtra 400076",2
"mh_|_mumbai_|_the_westin_mumbai_powai_lake,the_westin_mumbai_powai_lake_kailash_nagar,_morarji_nagar,_powai,_mumbai,_maharashtra_400076","MH | Mumbai | The Westin Mumbai Powai Lake,The Westin Mumbai Powai Lake Kailash Nagar, Morarji Nagar, Powai, Mumbai, Maharashtra 400076",Jio-bp Pulse,36.22941276,36.22941276,3.27,11.09306321,3,Afternoon,Monday,19.133659,72.900817,Mumbai,Maharashtra,"MH | Mumbai | The Westin Mumbai Powai Lake,The Westin Mumbai Powai Lake Kailash Nagar, Morarji Nagar, Powai, Mumbai, Maharashtra 400076",2
"mh_|_mumbai_|_the_westin_mumbai_powai_lake,the_westin_mumbai_powai_lake_kailash_nagar,_morarji_nagar,_powai,_mumbai,_maharashtra_400076","MH | Mumbai | The Westin Mumbai Powai Lake,The Westin Mumbai Powai Lake Kailash Nagar, Morarji Nagar, Powai, Mumbai, Maharashtra 400076",Magenta,71.70850688,71.70850688,1.85,38.79607655,3,Afternoon,Monday,19.133659,72.900817,Mumbai,Maharashtra,"MH | Mumbai | The Westin Mumbai Powai Lake,The Westin Mumbai Powai Lake Kailash Nagar, Morarji Nagar, Powai, Mumbai, Maharashtra 400076",2
"mira_road_east,_thane","Mira Road East, Thane",EV Dock,42.74479257,42.74479257,1.06,40.2059876,1,Evening,Saturday,19.291,72.8511,Mumbai,Maharashtra,"Mira Road East, Thane",0
"mujawar_pakhadi_rd,_dadar_east,_mumbai","Mujawar Pakhadi Rd, Dadar East, Mumbai",Tata Power,7.275443511,7.275443511,0.35,21.06032431,1,Night,Saturday,19.0202,72.8447,Mumbai,Maharashtra,"Mujawar Pakhadi Rd, Dadar East, Mumbai",14
"mulund_west,_mumbai","Mulund West, Mumbai",ATUM,60.71234573,60.71234573,1.67,36.38918057,1,Evening,Tuesday,19.1721,72.9568,Mumbai,Maharashtra,"Mulund West, Mumbai",6
"mumbai_central_station_parking,_mumbai","Mumbai Central Station Parking, Mumbai",Volttic,46.61987333,46.61987333,6.31,7.388686338,1,Morning,Friday,18.9692,72.8195,Mumbai,Maharashtra,"Mumbai Central Station Parking, Mumbai",10
"nahur_west,_industrial_area,_bhandup_west,_mumbai,_maharashtra","Nahur West, Industrial Area, Bhandup West, Mumbai, Maharashtra",Volttic,61.9271036,61.9271036,2.45,25.27459826,1,Morning,Wednesday,19.1593952,72.945112,Mumbai,Maharashtra,"Nahur West, Industrial Area, Bhandup West, Mumbai, Maharashtra",8
"near_asian_heart_hospital,_opp_bharat_diamond_bourse,_bandra_east,_mumbai,_mh_400051","Near Asian Heart Hospital, Opp Bharat Diamond Bourse, Bandra East, Mumbai, MH 400051",Tata Power,15.27366667,15.27366667,2.84,5.37038419,1,Night,Friday,19.0585,72.8557,Mumbai,Maharashtra,"Near Asian Heart Hospital, Opp Bharat Diamond Bourse, Bandra East, Mumbai, MH 400051",4
"near_ghatkopar_metro_station,_ghatkopar_west,_mumbai","Near Ghatkopar Metro Station, Ghatkopar West, Mumbai",Magenta,52.47892804,26.23946402,0.77,36.2788579,2,Morning,Monday,19.0864,72.9085,Mumbai,Maharashtra,"Near Ghatkopar Metro Station, Ghatkopar West, Mumbai",3
"near_infiniti_mall,_andheri_west,_mumbai","Near Infiniti Mall, Andheri West, Mumbai",Kazam,109.2494517,36.41648392,0.946666667,37.92519462,3,Evening,Monday,19.1372,72.8276,Mumbai,Maharashtra,"Near Infiniti Mall, Andheri West, Mumbai",6
"near_kharghar_station,_navi_mumbai","Near Kharghar Station, Navi Mumbai",Kazam,41.47936113,20.73968057,0.63,34.23218718,2,Morning,Sunday,19.0533,73.0571,Mumbai,Maharashtra,"Near Kharghar Station, Navi Mumbai",1
"near_mumbra_station,_thane","Near Mumbra Station, Thane",Magenta,63.98527915,31.99263958,3.055,17.6502573,2,Afternoon,Thursday,19.1808,72.9836,Mumbai,Maharashtra,"Near Mumbra Station, Thane",2
"near_palava_city,_dombivli_east","Near Palava City, Dombivli East",Tata Power,65.43101691,65.43101691,3.23,20.27269894,1,Night,Sunday,19.2081,73.1041,Mumbai,Maharashtra,"Near Palava City, Dombivli East",1
"near_to_orion_mall/_new_panvel_bridge,_old,_mumbai_-_pune_expy,","Near to Orion Mall/ New Panvel Bridge, Old, Mumbai - Pune Expy,",ATUM,44.15948701,44.15948701,1.86,23.75243532,2,Morning,Thursday,18.99453515,73.11513242,Mumbai,Maharashtra,"Near to Orion Mall/ New Panvel Bridge, Old, Mumbai - Pune Expy,",4
"near_to_orion_mall/_new_panvel_bridge,_old,_mumbai_-_pune_expy,","Near to Orion Mall/ New Panvel Bridge, Old, Mumbai - Pune Expy,",Magenta,40.78700348,40.78700348,3.7,11.03185075,2,Morning,Thursday,18.99453515,73.11513242,Mumbai,Maharashtra,"Near to Orion Mall/ New Panvel Bridge, Old, Mumbai - Pune Expy,",4
"near_vikhroli_station_east,_mumbai","Near Vikhroli Station East, Mumbai",Tata Power,173.7601022,57.92003408,2.05,31.87006694,3,Evening,Saturday,19.106,72.9286,Mumbai,Maharashtra,"Near Vikhroli Station East, Mumbai",3
"nehru_nagar,_near_kurla_station,_mumbai","Nehru Nagar, Near Kurla Station, Mumbai",Kazam,72.08924277,72.08924277,9.62,7.494575511,1,Night,Friday,19.0731,72.8828,Mumbai,Maharashtra,"Nehru Nagar, Near Kurla Station, Mumbai",12
"nehru_nagar_bus_stand,_kurla_east,_mumbai","Nehru Nagar Bus Stand, Kurla East, Mumbai",Statiq,21.0022301,21.0022301,0.8,26.23272288,1,Night,Friday,19.072,72.8821,Mumbai,Maharashtra,"Nehru Nagar Bus Stand, Kurla East, Mumbai",13
"neptune_magnet_mall,_lbs_marg,_bhandup_west,_mumbai","Neptune Magnet Mall, LBS Marg, Bhandup West, Mumbai",Jio-bp Pulse,12.35040612,12.35040612,0.28,44.04764539,1,Night,Wednesday,19.1485,72.9358,Mumbai,Maharashtra,"Neptune Magnet Mall, LBS Marg, Bhandup West, Mumbai",5
"next_to_bharat_diamond_bourse,_bkc,_mumbai","Next to Bharat Diamond Bourse, BKC, Mumbai",Statiq,140.487341,46.82911366,1.88,27.85021111,3,Night,Friday,19.0588,72.8703,Mumbai,Maharashtra,"Next to Bharat Diamond Bourse, BKC, Mumbai",6
"next_to_diamond_garden,_chembur,_mumbai","Next to Diamond Garden, Chembur, Mumbai",Tata Power,62.25705815,31.12852907,0.975,34.04970785,2,Afternoon,Monday,19.0455,72.8996,Mumbai,Maharashtra,"Next to Diamond Garden, Chembur, Mumbai",6
"next_to_infinity_mall,_new_link_rd,_malad_west,_mumbai","Next to Infinity Mall, New Link Rd, Malad West, Mumbai",Magenta,69.28636089,34.64318044,0.96,30.49358113,2,Morning,Thursday,19.1736,72.8352,Mumbai,Maharashtra,"Next to Infinity Mall, New Link Rd, Malad West, Mumbai",6
"next_to_vrl_logistics,_ashok_gardens,_pd’mello_rd,_sewri_west,_mumbai_400033","Next to VRL Logistics, Ashok Gardens, PD’Mello Rd, Sewri West, Mumbai 400033",Ather,21.13404478,21.13404478,0.65,32.2920457,1,Night,Sunday,18.9959,72.8532,Mumbai,Maharashtra,"Next to VRL Logistics, Ashok Gardens, PD’Mello Rd, Sewri West, Mumbai 400033",3
"ns_phadake_marg,_opp_teli_galli,near_eastern_expres_highway,_andheri_east_mumbai_400069u00c2u00a0","NS Phadake Marg, Opp Teli galli,Near Eastern expres Highway, Andheri East Mumbai 400069u00c2u00a0",ATUM,47.31460938,47.31460938,4.66,10.16337295,1,Afternoon,Sunday,19.1142415,72.8518766,Mumbai,Maharashtra,"NS Phadake Marg, Opp Teli galli,Near Eastern expres Highway, Andheri East Mumbai 400069u00c2u00a0",3
"on_western_express_highway,_adjacent_to_hub_mall,_cama_industrial_estate,_goregaon,_mumbai,_maharashtra_,goregaon","On Western Express Highway, adjacent to Hub Mall, Cama Industrial Estate, Goregaon, Mumbai, Maharashtra ,Goregaon",ATUM,56.06879095,56.06879095,1.99,28.16853365,1,Afternoon,Monday,19.15381142,72.85579572,Mumbai,Maharashtra,"On Western Express Highway, adjacent to Hub Mall, Cama Industrial Estate, Goregaon, Mumbai, Maharashtra ,Goregaon",0
"opp_panvel_station,_raigad","Opp Panvel Station, Raigad",ATUM,60.58245969,30.29122985,3.33,15.9409022,2,Evening,Saturday,18.9897,73.1145,Mumbai,Maharashtra,"Opp Panvel Station, Raigad",5
"opposite_s.l.raheja_hospital,_mahim_causeway,_mahim_(west),_raheja_hospital_marg,_mumbai,_maharashtra","Opposite S.L.Raheja Hospital, Mahim Causeway, Mahim (West), Raheja Hospital Marg, Mumbai, Maharashtra",Fortum,5.755524649,5.755524649,0.15,39.1270254,2,Evening,Friday,19.04520829,72.84154175,Mumbai,Maharashtra,"Opposite S.L.Raheja Hospital, Mahim Causeway, Mahim (West), Raheja Hospital Marg, Mumbai, Maharashtra",6
"opposite_s.l.raheja_hospital,_mahim_causeway,_mahim_(west),_raheja_hospital_marg,_mumbai,_maharashtra","Opposite S.L.Raheja Hospital, Mahim Causeway, Mahim (West), Raheja Hospital Marg, Mumbai, Maharashtra",VoltaPoint,47.19744469,47.19744469,2.01,23.43002275,2,Evening,Friday,19.04520829,72.84154175,Mumbai,Maharashtra,"Opposite S.L.Raheja Hospital, Mahim Causeway, Mahim (West), Raheja Hospital Marg, Mumbai, Maharashtra",6
"opposite_s.l.raheja_hospital,_mahim_ncauseway,_mahim_(west),_raheja_hospital_nmarg,_mumbai,_maharashtra_400016","Opposite S.L.Raheja Hospital, Mahim nCauseway, Mahim (West), Raheja Hospital nMarg, Mumbai, Maharashtra 400016",EV Point,52.95296934,26.47648467,1.08,31.27852408,2,Evening,Friday,19.04527839,72.84168159,Mumbai,Maharashtra,"Opposite S.L.Raheja Hospital, Mahim nCauseway, Mahim (West), Raheja Hospital nMarg, Mumbai, Maharashtra 400016",7
"orion_mall,_panvel","Orion Mall, Panvel",Statiq,145.9838758,48.66129195,1.876666667,28.07524687,3,Evening,Thursday,18.9892,73.117,Mumbai,Maharashtra,"Orion Mall, Panvel",5
"oshiwara_police_station_lane,_andheri_west,_mumbai","Oshiwara Police Station Lane, Andheri West, Mumbai",Magenta,12.04931971,12.04931971,0.41,29.46894436,1,Night,Saturday,19.1441,72.8366,Mumbai,Maharashtra,"Oshiwara Police Station Lane, Andheri West, Mumbai",5
"panvel_railway_station_east,_navi_mumbai","Panvel Railway Station East, Navi Mumbai",Tata Power,21.27074191,21.27074191,0.53,40.17685077,1,Morning,Saturday,18.9907,73.1195,Mumbai,Maharashtra,"Panvel Railway Station East, Navi Mumbai",5
"pay_&_park,_central_ave,_hiranandani_gardens,_powai,_mumbai,_maharashtra_400076","Pay & Park, Central Ave, Hiranandani Gardens, Powai, Mumbai, Maharashtra 400076",Ather,13.58796474,13.58796474,0.33,40.81172935,4,Morning,Monday,19.11644,72.90968,Mumbai,Maharashtra,"Pay & Park, Central Ave, Hiranandani Gardens, Powai, Mumbai, Maharashtra 400076",12
"pay_&_park,_central_ave,_hiranandani_gardens,_powai,_mumbai,_maharashtra_400076","Pay & Park, Central Ave, Hiranandani Gardens, Powai, Mumbai, Maharashtra 400076",EV Dock,70.62045542,70.62045542,3.85,18.33554746,4,Morning,Monday,19.11644,72.90968,Mumbai,Maharashtra,"Pay & Park, Central Ave, Hiranandani Gardens, Powai, Mumbai, Maharashtra 400076",12
"pay_&_park,_central_ave,_hiranandani_gardens,_powai,_mumbai,_maharashtra_400076","Pay & Park, Central Ave, Hiranandani Gardens, Powai, Mumbai, Maharashtra 400076",EV Point,47.67827375,47.67827375,1.26,37.74994618,4,Morning,Monday,19.11644,72.90968,Mumbai,Maharashtra,"Pay & Park, Central Ave, Hiranandani Gardens, Powai, Mumbai, Maharashtra 400076",12
"pay_&_park,_central_ave,_hiranandani_gardens,_powai,_mumbai,_maharashtra_400076","Pay & Park, Central Ave, Hiranandani Gardens, Powai, Mumbai, Maharashtra 400076",EVteQ,22.01644361,22.01644361,0.53,41.19625064,4,Morning,Monday,19.11644,72.90968,Mumbai,Maharashtra,"Pay & Park, Central Ave, Hiranandani Gardens, Powai, Mumbai, Maharashtra 400076",12
"phoenix_mills_compound,_lower_parel,_mumbai","Phoenix Mills Compound, Lower Parel, Mumbai",Statiq,162.6470518,54.21568393,2.576666667,23.88325425,3,Morning,Sunday,19.0029,72.824,Mumbai,Maharashtra,"Phoenix Mills Compound, Lower Parel, Mumbai",14
"plot_1,_sector_21,_nerul,_navi_mumbai","Plot 1, Sector 21, Nerul, Navi Mumbai",EV Point,49.53480946,49.53480946,1.18,42.13698966,1,Night,Sunday,19.0337,73.0204,Mumbai,Maharashtra,"Plot 1, Sector 21, Nerul, Navi Mumbai",7
"plot_no,_p._n._1207,_cadell_rd._mumbai,_prabhadevi_cadel_rd.,_mumbai_-_400022","Plot No, P. N. 1207, CADELL RD. MUMBAI, PRABHADEVI CADEL RD., MUMBAI - 400022",Jio-bp Pulse,12.92754529,12.92754529,0.53,24.21115012,1,Afternoon,Monday,19.018857,72.831076,Mumbai,Maharashtra,"Plot No, P. N. 1207, CADELL RD. MUMBAI, PRABHADEVI CADEL RD., MUMBAI - 400022",11
"plot_no_dx_12,thane_-_belapur_road_d'_zone_bonsari,_village,_ttc_industrial_area,_turbhe,_navi_mumbai,_maharashtra_,thane","Plot No DX 12,Thane - Belapur Road D' Zone Bonsari, Village, TTC Industrial Area, Turbhe, Navi Mumbai, Maharashtra ,Thane",EV Point,65.04979561,65.04979561,2.88,22.55945181,1,Night,Saturday,19.0640261,73.01971543,Mumbai,Maharashtra,"Plot No DX 12,Thane - Belapur Road D' Zone Bonsari, Village, TTC Industrial Area, Turbhe, Navi Mumbai, Maharashtra ,Thane",4
"powai_plaza_mall_parking,_powai,_mumbai","Powai Plaza Mall Parking, Powai, Mumbai",Fortum,72.75328124,36.37664062,1.185,24.24534707,2,Evening,Monday,19.1182,72.9053,Mumbai,Maharashtra,"Powai Plaza Mall Parking, Powai, Mumbai",19
"priyadarshini_park,_mumbai","Priyadarshini Park, Mumbai",Jio-bp Pulse,84.93855993,42.46927997,1.535,27.65270569,2,Morning,Saturday,18.9636,72.8019,Mumbai,Maharashtra,"Priyadarshini Park, Mumbai",3
"raghuleela_mega_mall,_kandivali_west,_mumbai","Raghuleela Mega Mall, Kandivali West, Mumbai",Tata Power,64.41904929,64.41904929,2.62,24.62165118,1,Evening,Friday,19.2053,72.8444,Mumbai,Maharashtra,"Raghuleela Mega Mall, Kandivali West, Mumbai",2
"rani_baug_entrance,_byculla_east,_mumbai","Rani Baug Entrance, Byculla East, Mumbai",Tata Power,61.63104966,61.63104966,3.02,20.39119229,1,Night,Wednesday,18.9788,72.8337,Mumbai,Maharashtra,"Rani Baug Entrance, Byculla East, Mumbai",9
"rb_mehta_marg,_chembur_east,_mumbai","RB Mehta Marg, Chembur East, Mumbai",Magenta,10.18500019,10.18500019,0.34,29.83066536,1,Evening,Monday,19.0546,72.9047,Mumbai,Maharashtra,"RB Mehta Marg, Chembur East, Mumbai",5
"reliable_plaza,_airoli,_navi_mumbai","Reliable Plaza, Airoli, Navi Mumbai",Tata Power,69.71594631,69.71594631,6.93,10.06309377,1,Evening,Saturday,19.164,72.9948,Mumbai,Maharashtra,"Reliable Plaza, Airoli, Navi Mumbai",0
"runwal_anthurium_rd,_opposite_veena_nagar,_vardhman_nagar,_mulund_west","Runwal Anthurium Rd, opposite Veena Nagar, Vardhman Nagar, Mulund West",ATUM,23.54038392,23.54038392,6.71,3.508161487,2,Evening,Thursday,19.18066617,72.94684724,Mumbai,Maharashtra,"Runwal Anthurium Rd, opposite Veena Nagar, Vardhman Nagar, Mulund West",4
"runwal_anthurium_rd,_opposite_veena_nagar,_vardhman_nagar,_mulund_west","Runwal Anthurium Rd, opposite Veena Nagar, Vardhman Nagar, Mulund West",Fortum,43.25451714,43.25451714,2.24,19.27803572,2,Evening,Thursday,19.18066617,72.94684724,Mumbai,Maharashtra,"Runwal Anthurium Rd, opposite Veena Nagar, Vardhman Nagar, Mulund West",4
"saki_vihar_rd,_near_saki_naka_metro,_andheri_east,_mumbai","Saki Vihar Rd, Near Saki Naka Metro, Andheri East, Mumbai",Volttic,6.443672289,6.443672289,0.43,14.99241844,1,Night,Tuesday,19.1265,72.8874,Mumbai,Maharashtra,"Saki Vihar Rd, Near Saki Naka Metro, Andheri East, Mumbai",16
"sakinaka_junction,_andheri_east,_mumbai","Sakinaka Junction, Andheri East, Mumbai",EVteQ,139.6674967,34.91687419,1.4225,31.82835111,4,Afternoon,Saturday,19.102,72.8872,Mumbai,Maharashtra,"Sakinaka Junction, Andheri East, Mumbai",5
"santacruz_west,_near_railway_station,_mumbai","Santacruz West, Near Railway Station, Mumbai",Statiq,32.75529888,16.37764944,1.24,14.28573786,2,Night,Sunday,19.0803,72.8365,Mumbai,Maharashtra,"Santacruz West, Near Railway Station, Mumbai",2
"santacruz_west,_next_to_railway_station,_mumbai","Santacruz West, Next to Railway Station, Mumbai",ATUM,139.3052915,46.43509717,3.456666667,24.03322546,3,Evening,Friday,19.0815,72.8367,Mumbai,Maharashtra,"Santacruz West, Next to Railway Station, Mumbai",2
"seawoods_station,_navi_mumbai","Seawoods Station, Navi Mumbai",Statiq,115.9480889,57.97404446,3.485,23.30072588,2,Morning,Friday,19.0387,73.0222,Mumbai,Maharashtra,"Seawoods Station, Navi Mumbai",7
"seven_hills_hospital,_andheri_east,_sevenhills_health_city,_marol_maroshi_road,_andheri_east,_mumbai,_maharashtra_400059","Seven Hills Hospital, Andheri East, SevenHills Health City, Marol Maroshi Road, Andheri East, Mumbai, Maharashtra 400059",ChargeZone,10.24188589,10.24188589,0.35,29.21621369,10,Evening,Friday,19.118831,72.87823,Mumbai,Maharashtra,"Seven Hills Hospital, Andheri East, SevenHills Health City, Marol Maroshi Road, Andheri East, Mumbai, Maharashtra 400059",8
"seven_hills_hospital,_andheri_east,_sevenhills_health_city,_marol_maroshi_road,_andheri_east,_mumbai,_maharashtra_400059","Seven Hills Hospital, Andheri East, SevenHills Health City, Marol Maroshi Road, Andheri East, Mumbai, Maharashtra 400059",EV Dock,139.6785761,69.83928803,5.14,14.87083518,10,Evening,Friday,19.118831,72.87823,Mumbai,Maharashtra,"Seven Hills Hospital, Andheri East, SevenHills Health City, Marol Maroshi Road, Andheri East, Mumbai, Maharashtra 400059",8
"seven_hills_hospital,_andheri_east,_sevenhills_health_city,_marol_maroshi_road,_andheri_east,_mumbai,_maharashtra_400059","Seven Hills Hospital, Andheri East, SevenHills Health City, Marol Maroshi Road, Andheri East, Mumbai, Maharashtra 400059",EV Point,45.81366157,45.81366157,2.64,17.3546406,10,Evening,Friday,19.118831,72.87823,Mumbai,Maharashtra,"Seven Hills Hospital, Andheri East, SevenHills Health City, Marol Maroshi Road, Andheri East, Mumbai, Maharashtra 400059",8
"seven_hills_hospital,_andheri_east,_sevenhills_health_city,_marol_maroshi_road,_andheri_east,_mumbai,_maharashtra_400059","Seven Hills Hospital, Andheri East, SevenHills Health City, Marol Maroshi Road, Andheri East, Mumbai, Maharashtra 400059",Fortum,6.268235994,6.268235994,11.08500698,26.50712322,10,Evening,Friday,19.118831,72.87823,Mumbai,Maharashtra,"Seven Hills Hospital, Andheri East, SevenHills Health City, Marol Maroshi Road, Andheri East, Mumbai, Maharashtra 400059",8
"seven_hills_hospital,_andheri_east,_sevenhills_health_city,_marol_maroshi_road,_andheri_east,_mumbai,_maharashtra_400059","Seven Hills Hospital, Andheri East, SevenHills Health City, Marol Maroshi Road, Andheri East, Mumbai, Maharashtra 400059",Jio-bp Pulse,71.14274636,71.14274636,4.8,14.82991098,10,Evening,Friday,19.118831,72.87823,Mumbai,Maharashtra,"Seven Hills Hospital, Andheri East, SevenHills Health City, Marol Maroshi Road, Andheri East, Mumbai, Maharashtra 400059",8
"seven_hills_hospital,_andheri_east,_sevenhills_health_city,_marol_maroshi_road,_andheri_east,_mumbai,_maharashtra_400059","Seven Hills Hospital, Andheri East, SevenHills Health City, Marol Maroshi Road, Andheri East, Mumbai, Maharashtra 400059",Kazam,61.56734925,61.56734925,1.49,41.31627182,10,Evening,Friday,19.118831,72.87823,Mumbai,Maharashtra,"Seven Hills Hospital, Andheri East, SevenHills Health City, Marol Maroshi Road, Andheri East, Mumbai, Maharashtra 400059",8
"seven_hills_hospital,_andheri_east,_sevenhills_health_city,_marol_maroshi_road,_andheri_east,_mumbai,_maharashtra_400059","Seven Hills Hospital, Andheri East, SevenHills Health City, Marol Maroshi Road, Andheri East, Mumbai, Maharashtra 400059",Magenta,16.56106433,16.56106433,0.84,19.76909872,10,Evening,Friday,19.118831,72.87823,Mumbai,Maharashtra,"Seven Hills Hospital, Andheri East, SevenHills Health City, Marol Maroshi Road, Andheri East, Mumbai, Maharashtra 400059",8
"seven_hills_hospital,_andheri_east,_sevenhills_health_city,_marol_maroshi_road,_andheri_east,_mumbai,_maharashtra_400059","Seven Hills Hospital, Andheri East, SevenHills Health City, Marol Maroshi Road, Andheri East, Mumbai, Maharashtra 400059",Statiq,71.28000416,71.28000416,1.75,40.61639923,10,Evening,Friday,19.118831,72.87823,Mumbai,Maharashtra,"Seven Hills Hospital, Andheri East, SevenHills Health City, Marol Maroshi Road, Andheri East, Mumbai, Maharashtra 400059",8
"seven_hills_hospital,_andheri_east,_sevenhills_health_city,_marol_maroshi_road,_andheri_east,_mumbai,_maharashtra_400059","Seven Hills Hospital, Andheri East, SevenHills Health City, Marol Maroshi Road, Andheri East, Mumbai, Maharashtra 400059",Tata Power,76.49931987,76.49931987,2.04,37.44551098,10,Evening,Friday,19.118831,72.87823,Mumbai,Maharashtra,"Seven Hills Hospital, Andheri East, SevenHills Health City, Marol Maroshi Road, Andheri East, Mumbai, Maharashtra 400059",8
"shree_simandhar_towers,_mahalaxmi_west,_mumbai","Shree Simandhar Towers, Mahalaxmi West, Mumbai",Tata Power,65.18392769,65.18392769,1.69,38.57770533,1,Night,Saturday,18.994,72.8231,Mumbai,Maharashtra,"Shree Simandhar Towers, Mahalaxmi West, Mumbai",13
"sion_east,_near_sion_hospital,_mumbai","Sion East, Near Sion Hospital, Mumbai",Volttic,46.195137,46.195137,0.96,47.87752356,1,Afternoon,Sunday,19.032,72.8597,Mumbai,Maharashtra,"Sion East, Near Sion Hospital, Mumbai",8
"spectra,_high_st,_hiranandani_gardens,_powai,_mumbai,_maharashtra_400076","Spectra, High St, Hiranandani Gardens, Powai, Mumbai, Maharashtra 400076",ChargeZone,70.62045542,70.62045542,3.85,18.33554746,4,Morning,Monday,19.11637,72.91086,Mumbai,Maharashtra,"Spectra, High St, Hiranandani Gardens, Powai, Mumbai, Maharashtra 400076",12
"spectra,_high_st,_hiranandani_gardens,_powai,_mumbai,_maharashtra_400076","Spectra, High St, Hiranandani Gardens, Powai, Mumbai, Maharashtra 400076",Jio-bp Pulse,22.01644361,22.01644361,0.53,41.19625064,4,Morning,Monday,19.11637,72.91086,Mumbai,Maharashtra,"Spectra, High St, Hiranandani Gardens, Powai, Mumbai, Maharashtra 400076",12
"spectra,_high_st,_hiranandani_gardens,_powai,_mumbai,_maharashtra_400076","Spectra, High St, Hiranandani Gardens, Powai, Mumbai, Maharashtra 400076",Kazam,47.67827375,47.67827375,1.26,37.74994618,4,Morning,Monday,19.11637,72.91086,Mumbai,Maharashtra,"Spectra, High St, Hiranandani Gardens, Powai, Mumbai, Maharashtra 400076",12
"spectra,_high_st,_hiranandani_gardens,_powai,_mumbai,_maharashtra_400076","Spectra, High St, Hiranandani Gardens, Powai, Mumbai, Maharashtra 400076",Volttic,13.58796474,13.58796474,0.33,40.81172935,4,Morning,Monday,19.11637,72.91086,Mumbai,Maharashtra,"Spectra, High St, Hiranandani Gardens, Powai, Mumbai, Maharashtra 400076",12
"station_rd,_parel_east,_parel,_mumbai_400014","Station Rd, Parel East, Parel, Mumbai 400014",Magenta,40.25719688,40.25719688,2.24,17.94739459,1,Afternoon,Friday,19.0079,72.8425,Mumbai,Maharashtra,"Station Rd, Parel East, Parel, Mumbai 400014",14
"taloja_midc,_navi_mumbai","Taloja MIDC, Navi Mumbai",Magenta,34.07799973,34.07799973,2.71,12.59762021,1,Night,Monday,19.0378,73.1318,Mumbai,Maharashtra,"Taloja MIDC, Navi Mumbai",0
"taloja_panchanand_station,_navi_mumbai","Taloja Panchanand Station, Navi Mumbai",Tata Power,63.62653233,63.62653233,6.37,9.986771923,1,Afternoon,Sunday,19.0494,73.1166,Mumbai,Maharashtra,"Taloja Panchanand Station, Navi Mumbai",1
"tata_power_dharavi_colony_labour_camp_dharavi_,matunga_,mumbai_400019","Tata Power Dharavi Colony labour camp dharavi ,Matunga ,Mumbai 400019",EV Dock,37.11856726,37.11856726,4.27,8.690646596,3,Morning,Monday,19.034402,72.85284,Mumbai,Maharashtra,"Tata Power Dharavi Colony labour camp dharavi ,Matunga ,Mumbai 400019",10
"tata_power_dharavi_colony_labour_camp_dharavi_,matunga_,mumbai_400019","Tata Power Dharavi Colony labour camp dharavi ,Matunga ,Mumbai 400019",EV Point,14.50345514,14.50345514,0.39,37.65992488,3,Morning,Monday,19.034402,72.85284,Mumbai,Maharashtra,"Tata Power Dharavi Colony labour camp dharavi ,Matunga ,Mumbai 400019",10
"tata_power_dharavi_colony_labour_camp_dharavi_,matunga_,mumbai_400019","Tata Power Dharavi Colony labour camp dharavi ,Matunga ,Mumbai 400019",Statiq,8.28243854,8.28243854,0.75,11.01799661,3,Morning,Monday,19.034402,72.85284,Mumbai,Maharashtra,"Tata Power Dharavi Colony labour camp dharavi ,Matunga ,Mumbai 400019",10
"technology_st,hirananadani_gardens,sainath_nagar,powai,mumbai,maharashtara_400076","TECHNOLOGY ST,HIRANANADANI GARDENS,SAINATH NAGAR,POWAI,MUMBAI,MAHARASHTARA 400076",ATUM,26.99234408,26.99234408,0.58,46.58137118,6,Morning,Monday,19.11999443,72.9141036,Mumbai,Maharashtra,"TECHNOLOGY ST,HIRANANADANI GARDENS,SAINATH NAGAR,POWAI,MUMBAI,MAHARASHTARA 400076",10
"technology_st,hirananadani_gardens,sainath_nagar,powai,mumbai,maharashtara_400076","TECHNOLOGY ST,HIRANANADANI GARDENS,SAINATH NAGAR,POWAI,MUMBAI,MAHARASHTARA 400076",Ather,26.99234408,26.99234408,0.58,46.58137118,6,Morning,Monday,19.11999443,72.9141036,Mumbai,Maharashtra,"TECHNOLOGY ST,HIRANANADANI GARDENS,SAINATH NAGAR,POWAI,MUMBAI,MAHARASHTARA 400076",10
"technology_st,hirananadani_gardens,sainath_nagar,powai,mumbai,maharashtara_400076","TECHNOLOGY ST,HIRANANADANI GARDENS,SAINATH NAGAR,POWAI,MUMBAI,MAHARASHTARA 400076",ChargeZone,21.82050637,21.82050637,0.22,97.3422547,6,Morning,Monday,19.11999443,72.9141036,Mumbai,Maharashtra,"TECHNOLOGY ST,HIRANANADANI GARDENS,SAINATH NAGAR,POWAI,MUMBAI,MAHARASHTARA 400076",10
"technology_st,hirananadani_gardens,sainath_nagar,powai,mumbai,maharashtara_400076","TECHNOLOGY ST,HIRANANADANI GARDENS,SAINATH NAGAR,POWAI,MUMBAI,MAHARASHTARA 400076",EV Dock,69.44996148,69.44996148,1.41,49.41673269,6,Morning,Monday,19.11999443,72.9141036,Mumbai,Maharashtra,"TECHNOLOGY ST,HIRANANADANI GARDENS,SAINATH NAGAR,POWAI,MUMBAI,MAHARASHTARA 400076",10
"technology_st,hirananadani_gardens,sainath_nagar,powai,mumbai,maharashtara_400076","TECHNOLOGY ST,HIRANANADANI GARDENS,SAINATH NAGAR,POWAI,MUMBAI,MAHARASHTARA 400076",Magenta,21.82050637,21.82050637,0.22,97.3422547,6,Morning,Monday,19.11999443,72.9141036,Mumbai,Maharashtra,"TECHNOLOGY ST,HIRANANADANI GARDENS,SAINATH NAGAR,POWAI,MUMBAI,MAHARASHTARA 400076",10
"technology_st,hirananadani_gardens,sainath_nagar,powai,mumbai,maharashtara_400076","TECHNOLOGY ST,HIRANANADANI GARDENS,SAINATH NAGAR,POWAI,MUMBAI,MAHARASHTARA 400076",Volttic,69.44996148,69.44996148,1.41,49.41673269,6,Morning,Monday,19.11999443,72.9141036,Mumbai,Maharashtra,"TECHNOLOGY ST,HIRANANADANI GARDENS,SAINATH NAGAR,POWAI,MUMBAI,MAHARASHTARA 400076",10
"teli_-_gali_road,_andheri_(east),_mumbai_-_400069","Teli - Gali Road, Andheri (East), Mumbai - 400069",Tata Power,20.46478094,20.46478094,1.1,18.59949061,1,Morning,Wednesday,19.11599,72.85018,Mumbai,Maharashtra,"Teli - Gali Road, Andheri (East), Mumbai - 400069",2
"thane_west_station,_thane","Thane West Station, Thane",Tata Power,52.90446367,52.90446367,3.4,15.57205559,1,Night,Saturday,19.1915,72.972,Mumbai,Maharashtra,"Thane West Station, Thane",2
"the_taj_mahal_palace,_colaba,_in_front_of_times_building_,_apollo_bandar,_colaba,_mumbai,_maharashtra_400001","The Taj Mahal Palace, Colaba, In front of Times Building , Apollo Bandar, Colaba, Mumbai, Maharashtra 400001",Ather,10.24188589,10.24188589,0.35,29.21621369,10,Evening,Friday,18.92279506,72.83351898,Mumbai,Maharashtra,"The Taj Mahal Palace, Colaba, In front of Times Building , Apollo Bandar, Colaba, Mumbai, Maharashtra 400001",7
"the_taj_mahal_palace,_colaba,_in_front_of_times_building_,_apollo_bandar,_colaba,_mumbai,_maharashtra_400001","The Taj Mahal Palace, Colaba, In front of Times Building , Apollo Bandar, Colaba, Mumbai, Maharashtra 400001",EV Dock,16.56106433,16.56106433,0.84,19.76909872,10,Evening,Friday,18.92279506,72.83351898,Mumbai,Maharashtra,"The Taj Mahal Palace, Colaba, In front of Times Building , Apollo Bandar, Colaba, Mumbai, Maharashtra 400001",7
"the_taj_mahal_palace,_colaba,_in_front_of_times_building_,_apollo_bandar,_colaba,_mumbai,_maharashtra_400001","The Taj Mahal Palace, Colaba, In front of Times Building , Apollo Bandar, Colaba, Mumbai, Maharashtra 400001",EV Point,71.28000416,71.28000416,1.75,40.61639923,10,Evening,Friday,18.92279506,72.83351898,Mumbai,Maharashtra,"The Taj Mahal Palace, Colaba, In front of Times Building , Apollo Bandar, Colaba, Mumbai, Maharashtra 400001",7
"the_taj_mahal_palace,_colaba,_in_front_of_times_building_,_apollo_bandar,_colaba,_mumbai,_maharashtra_400001","The Taj Mahal Palace, Colaba, In front of Times Building , Apollo Bandar, Colaba, Mumbai, Maharashtra 400001",Fortum,62.04623037,62.04623037,3.34,18.56265579,10,Evening,Friday,18.92279506,72.83351898,Mumbai,Maharashtra,"The Taj Mahal Palace, Colaba, In front of Times Building , Apollo Bandar, Colaba, Mumbai, Maharashtra 400001",7
"the_taj_mahal_palace,_colaba,_in_front_of_times_building_,_apollo_bandar,_colaba,_mumbai,_maharashtra_400001","The Taj Mahal Palace, Colaba, In front of Times Building , Apollo Bandar, Colaba, Mumbai, Maharashtra 400001",Jio-bp Pulse,123.4460073,61.72300363,4.79,14.26682758,10,Evening,Friday,18.92279506,72.83351898,Mumbai,Maharashtra,"The Taj Mahal Palace, Colaba, In front of Times Building , Apollo Bandar, Colaba, Mumbai, Maharashtra 400001",7
"the_taj_mahal_palace,_colaba,_in_front_of_times_building_,_apollo_bandar,_colaba,_mumbai,_maharashtra_400001","The Taj Mahal Palace, Colaba, In front of Times Building , Apollo Bandar, Colaba, Mumbai, Maharashtra 400001",Kazam,76.49931987,76.49931987,2.04,37.44551098,10,Evening,Friday,18.92279506,72.83351898,Mumbai,Maharashtra,"The Taj Mahal Palace, Colaba, In front of Times Building , Apollo Bandar, Colaba, Mumbai, Maharashtra 400001",7
"the_taj_mahal_palace,_colaba,_in_front_of_times_building_,_apollo_bandar,_colaba,_mumbai,_maharashtra_400001","The Taj Mahal Palace, Colaba, In front of Times Building , Apollo Bandar, Colaba, Mumbai, Maharashtra 400001",Statiq,6.268235994,6.268235994,9.358943706,26.50712322,10,Evening,Friday,18.92279506,72.83351898,Mumbai,Maharashtra,"The Taj Mahal Palace, Colaba, In front of Times Building , Apollo Bandar, Colaba, Mumbai, Maharashtra 400001",7
"the_taj_mahal_palace,_colaba,_in_front_of_times_building_,_apollo_bandar,_colaba,_mumbai,_maharashtra_400001","The Taj Mahal Palace, Colaba, In front of Times Building , Apollo Bandar, Colaba, Mumbai, Maharashtra 400001",Tata Power,132.7100956,66.35504781,3.145,28.0730914,10,Evening,Friday,18.92279506,72.83351898,Mumbai,Maharashtra,"The Taj Mahal Palace, Colaba, In front of Times Building , Apollo Bandar, Colaba, Mumbai, Maharashtra 400001",7
"tilak_nagar_railway_station,_mumbai","Tilak Nagar Railway Station, Mumbai",Tata Power,122.2720052,61.13600258,2.36,29.67576312,2,Evening,Thursday,19.0734,72.8892,Mumbai,Maharashtra,"Tilak Nagar Railway Station, Mumbai",11
"ttc_industrial_area,_midc_industrial_area,_sanpada,_navi_mumbai","TTC Industrial Area, MIDC Industrial Area, Sanpada, Navi Mumbai",EV Point,69.16916706,69.16916706,12.45,5.557358509,1,Afternoon,Wednesday,19.06870454,73.02298692,Mumbai,Maharashtra,"TTC Industrial Area, MIDC Industrial Area, Sanpada, Navi Mumbai",4
"ulhasnagar_station,_mumbai_region","Ulhasnagar Station, Mumbai Region",Statiq,60.29106084,30.14553042,1.625,15.68846335,2,Morning,Monday,19.2336,73.1353,Mumbai,Maharashtra,"Ulhasnagar Station, Mumbai Region",2
"unit_20-22,_laxmi_woollen_mill,_opposite_blue_loft,_dr_e_moses_marg,_off,_shakti_mills_ln,_mahalakshmi,_mumbai","Unit 20-22, Laxmi Woollen Mill, Opposite Blue Loft, Dr E Moses Marg, Off, Shakti Mills Ln, Mahalakshmi, Mumbai",ChargeZone,21.7953825,21.7953825,0.58,37.7362187,4,Afternoon,Sunday,18.989356,72.825234,Mumbai,Maharashtra,"Unit 20-22, Laxmi Woollen Mill, Opposite Blue Loft, Dr E Moses Marg, Off, Shakti Mills Ln, Mahalakshmi, Mumbai",9
"unit_20-22,_laxmi_woollen_mill,_opposite_blue_loft,_dr_e_moses_marg,_off,_shakti_mills_ln,_mahalakshmi,_mumbai","Unit 20-22, Laxmi Woollen Mill, Opposite Blue Loft, Dr E Moses Marg, Off, Shakti Mills Ln, Mahalakshmi, Mumbai",EV Dock,23.99396127,23.99396127,0.73,32.93397056,4,Afternoon,Sunday,18.989356,72.825234,Mumbai,Maharashtra,"Unit 20-22, Laxmi Woollen Mill, Opposite Blue Loft, Dr E Moses Marg, Off, Shakti Mills Ln, Mahalakshmi, Mumbai",9
"unit_20-22,_laxmi_woollen_mill,_opposite_blue_loft,_dr_e_moses_marg,_off,_shakti_mills_ln,_mahalakshmi,_mumbai","Unit 20-22, Laxmi Woollen Mill, Opposite Blue Loft, Dr E Moses Marg, Off, Shakti Mills Ln, Mahalakshmi, Mumbai",EVteQ,75.62248861,75.62248861,4.5,16.79147373,4,Afternoon,Sunday,18.989356,72.825234,Mumbai,Maharashtra,"Unit 20-22, Laxmi Woollen Mill, Opposite Blue Loft, Dr E Moses Marg, Off, Shakti Mills Ln, Mahalakshmi, Mumbai",9
"unit_20-22,_laxmi_woollen_mill,_opposite_blue_loft,_dr_e_moses_marg,_off,_shakti_mills_ln,_mahalakshmi,_mumbai","Unit 20-22, Laxmi Woollen Mill, Opposite Blue Loft, Dr E Moses Marg, Off, Shakti Mills Ln, Mahalakshmi, Mumbai",Jio-bp Pulse,36.61656862,36.61656862,1.34,27.32114694,4,Afternoon,Sunday,18.989356,72.825234,Mumbai,Maharashtra,"Unit 20-22, Laxmi Woollen Mill, Opposite Blue Loft, Dr E Moses Marg, Off, Shakti Mills Ln, Mahalakshmi, Mumbai",9
"vasai_west,_palghar","Vasai West, Palghar",Kazam,28.80292498,28.80292498,0.63,45.51884431,1,Night,Friday,19.3919,72.833,Mumbai,Maharashtra,"Vasai West, Palghar",0
"vashi_station_east,_navi_mumbai","Vashi Station East, Navi Mumbai",ChargeZone,11.48343149,11.48343149,0.53,21.47990189,1,Night,Friday,19.0708,72.9991,Mumbai,Maharashtra,"Vashi Station East, Navi Mumbai",0
"versova_metro_station,_andheri_west,_mumbai","Versova Metro Station, Andheri West, Mumbai",ChargeZone,72.65221058,36.32610529,1.86,25.74718994,2,Afternoon,Monday,19.137,72.8261,Mumbai,Maharashtra,"Versova Metro Station, Andheri West, Mumbai",6
"vikhroli_east,_mumbai","Vikhroli East, Mumbai",EVteQ,33.47231506,33.47231506,0.77,43.48176399,1,Afternoon,Wednesday,19.0984,72.9262,Mumbai,Maharashtra,"Vikhroli East, Mumbai",2
"vn_purav_marg_diamond_garden,_basant_garden,_chembur_mumbai,_maharashtra,chembur","VN Purav Marg Diamond Garden, Basant Garden, Chembur Mumbai, Maharashtra,Chembur",Magenta,59.98647673,59.98647673,2.56,23.41792115,2,Afternoon,Monday,19.05231631,72.90163581,Mumbai,Maharashtra,"VN Purav Marg Diamond Garden, Basant Garden, Chembur Mumbai, Maharashtra,Chembur",4
"vn_purav_marg_diamond_garden,_basant_garden,_chembur_mumbai,_maharashtra,chembur","VN Purav Marg Diamond Garden, Basant Garden, Chembur Mumbai, Maharashtra,Chembur",Statiq,64.37713244,64.37713244,4.22,15.2565692,2,Afternoon,Monday,19.05231631,72.90163581,Mumbai,Maharashtra,"VN Purav Marg Diamond Garden, Basant Garden, Chembur Mumbai, Maharashtra,Chembur",4
"wadala_truck_terminal,_mumbai","Wadala Truck Terminal, Mumbai",Magenta,43.4665651,43.4665651,1.87,23.22301592,1,Evening,Friday,19.0188,72.8571,Mumbai,Maharashtra,"Wadala Truck Terminal, Mumbai",11
"western_express_hwy,_yashodham,_goregaon,_mumbai,_maharashtra_400063","Western Express Hwy, Yashodham, Goregaon, Mumbai, Maharashtra 400063",EVteQ,51.49234638,51.49234638,1.46,35.21951804,3,Night,Friday,19.1737611,72.8600172,Mumbai,Maharashtra,"Western Express Hwy, Yashodham, Goregaon, Mumbai, Maharashtra 400063",1
"western_express_hwy,_yashodham,_goregaon,_mumbai,_maharashtra_400063","Western Express Hwy, Yashodham, Goregaon, Mumbai, Maharashtra 400063",Jio-bp Pulse,59.25460166,59.25460166,18.38615197,26.50712322,3,Night,Friday,19.1737611,72.8600172,Mumbai,Maharashtra,"Western Express Hwy, Yashodham, Goregaon, Mumbai, Maharashtra 400063",1
"western_express_hwy,_yashodham,_goregaon,_mumbai,_maharashtra_400063","Western Express Hwy, Yashodham, Goregaon, Mumbai, Maharashtra 400063",Volttic,72.94073166,72.94073166,5.28,13.82503559,3,Night,Friday,19.1737611,72.8600172,Mumbai,Maharashtra,"Western Express Hwy, Yashodham, Goregaon, Mumbai, Maharashtra 400063",1
"world_trade_centre_one,_lower_parel,_mumbai","World Trade Centre One, Lower Parel, Mumbai",Fortum,125.8898931,41.96329769,1.173333333,31.34531767,3,Evening,Wednesday,19.0012,72.8281,Mumbai,Maharashtra,"World Trade Centre One, Lower Parel, Mumbai",16
"worli_sea_face_promenade,_worli,_mumbai","Worli Sea Face Promenade, Worli, Mumbai",Volttic,6.337534265,6.337534265,1.47,4.315961671,1,Morning,Wednesday,19.0053,72.8157,Mumbai,Maharashtra,"Worli Sea Face Promenade, Worli, Mumbai",7
